checked_at_utc,trigger,workflow
2026-08-11 01:44:44,push,Track liquidity rewards
2026-08-11 02:00:24,push,Track liquidity rewards
2026-08-11 02:07:24,push,Track liquidity rewards
2026-08-11 02:11:30,push,Track liquidity rewards
2026-08-11 02:31:24,schedule,Track liquidity rewards
2026-08-11 02:39:49,push,Track liquidity rewards
2026-08-11 02:45:38,push,Track liquidity rewards
2026-08-11 02:54:17,push,Track liquidity rewards
2026-08-11 03:00:27,push,Track liquidity rewards
2026-08-11 03:13:15,push,Track liquidity rewards
2026-08-11 03:14:39,push,Track liquidity rewards
2026-08-11 03:17:20,push,Track liquidity rewards
2026-08-11 03:18:40,push,Track liquidity rewards
2026-08-11 04:43:05,schedule,Track liquidity rewards
2026-08-11 06:07:34,schedule,Track liquidity rewards
2026-08-11 07:41:25,schedule,Track liquidity rewards
2026-08-11 09:16:39,schedule,Track liquidity rewards
2026-08-11 10:14:45,schedule,Track liquidity rewards
2026-08-11 15:05:36,push,Track liquidity rewards
2026-08-11 15:12:39,push,Track liquidity rewards
2026-08-11 15:17:28,push,Track liquidity rewards
2026-08-11 15:18:07,schedule,Track liquidity rewards
2026-08-11 16:13:07,schedule,Track liquidity rewards
2026-08-11 17:16:05,schedule,Track liquidity rewards
2026-08-11 17:59:37,push,Track liquidity rewards
2026-08-11 18:09:32,schedule,Track liquidity rewards
2026-08-11 18:37:10,push,Track liquidity rewards
2026-08-11 18:38:37,push,Track liquidity rewards
2026-08-11 18:48:51,push,Track liquidity rewards
2026-08-11 19:28:51,schedule,Track liquidity rewards
2026-08-11 19:46:45,push,Track liquidity rewards
2026-08-11 19:58:15,push,Track liquidity rewards
2026-08-11 21:07:31,schedule,Track liquidity rewards
2026-08-11 21:49:02,push,Track liquidity rewards
2026-08-11 21:51:15,push,Track liquidity rewards
2026-08-11 21:55:02,push,Track liquidity rewards
2026-08-11 22:04:38,push,Track liquidity rewards
2026-08-11 22:08:17,schedule,Track liquidity rewards
2026-08-11 23:06:25,schedule,Track liquidity rewards
2026-08-11 23:08:05,push,Track liquidity rewards
2026-08-11 23:20:37,push,Track liquidity rewards
2026-08-11 23:21:48,push,Track liquidity rewards
2026-08-11 23:38:09,push,Track liquidity rewards
2026-08-11 23:39:54,push,Track liquidity rewards
2026-08-11 23:52:48,push,Track liquidity rewards
2026-08-12 00:02:30,schedule,Track liquidity rewards
2026-08-12 01:02:09,push,Track liquidity rewards
2026-08-12 01:05:57,push,Track liquidity rewards
2026-08-12 01:08:36,push,Track liquidity rewards
