day,market,family,est_day_usd,orders,recorded_at,paid_usd,paid_at,error_pct,share,pool_day,live_h,realized_share,levels
2026-08-25,enwc-uspres-nom-dem-2028-jamtal,politics,0.0000,1,2026-08-25T12:05:52Z,,,,0.104057,5.992331,14.572,,
2026-08-25,enwc-uspres-nom-dem-2028-kamhar,politics,0.0050,1,2026-08-25T12:05:52Z,,,,0.021794,5.666814,12.520,,
2026-08-25,enwc-uspres-nom-dem-2028-stasmi,politics,0.0002,1,2026-08-25T12:05:52Z,,,,0.041781,5.946469,13.847,,
2026-08-25,enwc-uspres-nom-rep-2028-marrub,politics,2.4992,2,2026-08-25T12:05:52Z,,,,0.397643,7.823960,12.576,,
2026-08-25,enwc-uspres-nom-rep-2028-rondes,politics,0.5380,1,2026-08-25T12:05:52Z,,,,0.279326,6.866812,8.612,,5
2026-08-25,ewc-usp-2028-11-07-dontru,politics,0.0038,1,2026-08-25T12:05:52Z,,,,0.030878,4.077765,14.011,,
2026-08-25,ewc-usp-2028-11-07-gleyou,politics,0.1462,1,2026-08-25T12:05:52Z,,,,0.119362,4.124391,15.126,,
2026-08-25,ewc-usp-2028-11-07-jamtal,politics,0.0220,1,2026-08-25T12:05:52Z,,,,0.004039,3.561526,11.653,,
2026-08-25,ewc-usp-2028-11-07-jossha,politics,0.6703,1,2026-08-25T12:05:52Z,,,,0.162368,3.881706,12.578,,
2026-08-25,ewc-usp-2028-11-07-micoba,politics,0.0000,1,2026-08-25T12:05:52Z,,,,0.001195,3.570374,13.159,,
2026-08-25,enwc-uspres-nom-rep-2028-tuccar,politics,1.1905,1,2026-08-25T12:05:52Z,,,,0.080326,6.941984,13.489,,
2026-08-25,ewc-usp-2028-11-07-petbut,politics,0.0005,1,2026-08-25T12:05:52Z,,,,0.337220,3.578425,7.999,,6
2026-08-25,ewc-usp-2028-11-07-rokha,politics,0.0049,1,2026-08-25T12:05:52Z,,,,0.002692,3.582437,12.558,,
2026-08-25,ewc-usp-2028-11-07-vivram,politics,0.0004,1,2026-08-25T12:05:52Z,,,,0.014700,3.495999,7.292,,
2026-08-25,ewc-usp-2028-11-07-wesmoo,politics,0.1432,1,2026-08-25T12:05:52Z,,,,0.019130,4.050348,14.378,,
2026-08-25,ewc-usse-tx-2026-11-03-dem,politics,0.0000,1,2026-08-25T12:05:52Z,,,,0.209129,70.507250,0.657,,8
2026-08-25,usgubewc-usgub-me-2026-11-03-rep,politics,2.0901,2,2026-08-25T12:05:52Z,,,,0.727709,6.739208,14.136,,
2026-08-25,usgubewc-usgub-nm-2026-11-03-dem,politics,0.0000,1,2026-08-25T12:05:52Z,,,,0.009107,6.713520,13.917,,
2026-08-25,usgubewc-usgub-ri-2026-11-03-kenblo,politics,0.1021,2,2026-08-25T12:05:52Z,,,,0.242756,4.031235,12.473,,
2026-08-25,ussewc-usse-de-2026-11-03-rep,politics,0.0216,1,2026-08-25T12:05:52Z,,,,0.022280,6.092598,12.696,,
2026-08-25,ewc-usp-2028-11-07-kamhar,politics,0.8682,1,2026-08-25T12:05:52Z,,,,0.060679,3.572746,12.589,,
2026-08-25,ussewc-usse-il-2026-11-03-rep,politics,1.0105,1,2026-08-25T12:05:52Z,,,,0.262733,6.733056,13.499,,
2026-08-25,ussewc-usse-ma-2026-11-03-rep,politics,6.2499,2,2026-08-25T12:05:52Z,,,,0.763383,6.023267,12.136,,
2026-08-25,ussewc-usse-tn-2026-11-03-dem,politics,0.1341,1,2026-08-25T12:05:52Z,,,,0.059634,5.978666,7.937,,6
2026-08-25,ussewc-usse-va-2026-11-03-rep,politics,0.7410,1,2026-08-25T12:05:52Z,,,,0.388205,5.991360,12.049,,
2026-08-25,ussewc-usse-wy-2026-11-03-dem,politics,0.8445,1,2026-08-25T12:05:52Z,,,,0.180197,6.705397,14.407,,
2026-08-25,ewc-usp-2028-11-07-jonoss,politics,3.0330,1,2026-08-25T12:05:52Z,,,,0.223159,3.562804,12.460,,6
2026-08-25,enwc-uspres-nom-dem-2028-rahema,politics,0.0000,1,2026-08-25T12:05:52Z,,,,0.026012,6.087359,13.424,,8
2026-08-25,enwc-uspres-nom-dem-2028-rokha,politics,1.4161,1,2026-08-25T12:05:52Z,,,,0.256252,6.041082,15.129,,
2026-08-25,enwc-uspres-nom-dem-2028-wesmoo,politics,0.0000,1,2026-08-25T12:05:52Z,,,,0.040674,5.749285,12.417,,
2026-08-25,enwc-uspres-nom-rep-2028-margre,politics,0.0002,1,2026-08-25T12:05:52Z,,,,0.001682,8.759321,8.740,,
2026-08-25,enwc-uspres-nom-rep-2028-thomas,politics,0.1189,1,2026-08-25T12:05:52Z,,,,0.077217,6.894084,9.723,,
2026-08-25,enwc-uspres-nom-rep-2028-tulgab,politics,0.0000,1,2026-08-25T12:05:52Z,,,,0.196497,6.700645,0.880,,
2026-08-25,ewc-usp-2028-11-07-aleocc,politics,3.1179,2,2026-08-25T12:05:52Z,,,,0.203201,4.482680,9.957,,
2026-08-25,ewc-usp-2028-11-07-dwajoh,politics,0.0090,1,2026-08-25T12:05:52Z,,,,0.034071,4.129532,15.397,,
2026-08-25,ewc-usp-2028-11-07-gavnew,politics,0.0000,1,2026-08-25T12:05:52Z,,,,0.048192,4.311370,11.009,,10
2026-08-25,ewc-usp-2028-11-07-jbpri,politics,0.0001,1,2026-08-25T12:05:52Z,,,,0.040770,3.864306,13.930,,
2026-08-25,ewc-usp-2028-11-07-markel,politics,0.0031,2,2026-08-25T12:05:52Z,,,,0.006439,3.981084,12.864,,
2026-08-25,ewc-usp-2028-11-07-rahema,politics,0.0012,1,2026-08-25T12:05:52Z,,,,0.000297,3.573134,13.448,,
2026-08-25,ewc-usp-2028-11-07-tulgab,politics,0.0014,1,2026-08-25T12:05:52Z,,,,0.042358,4.067631,14.371,,
2026-08-25,scc-senate-gop-2026-11-03-51,politics,1.8482,2,2026-08-25T12:05:52Z,,,,0.395881,3.729721,12.115,,
2026-08-25,usgubewc-usgub-ct-2026-11-03-dem,politics,0.8559,1,2026-08-25T12:05:52Z,,,,0.108476,6.003197,12.688,,
2026-08-25,usgubewc-usgub-nm-2026-11-03-rep,politics,1.0458,2,2026-08-25T12:05:52Z,,,,0.225668,6.010997,12.754,,
2026-08-25,usgubewc-usgub-vt-2026-11-03-dem,politics,0.0023,1,2026-08-25T12:05:52Z,,,,0.010679,6.496125,12.992,,
2026-08-25,ussewc-usse-ms-2026-11-03-dem,politics,0.0000,2,2026-08-25T12:05:52Z,,,,0.284341,6.018504,12.458,,
2026-08-25,ussewc-usse-tn-2026-11-03-rep,politics,5.9438,1,2026-08-25T12:05:52Z,,,,0.452673,7.076183,8.473,,5
2026-08-25,enwc-usgubp-ri-2026-09-09-dem-danmck,politics,4.1401,2,2026-08-25T12:05:52Z,,,,0.187006,4.303482,14.683,,
2026-08-25,ussewc-usse-ma-2026-11-03-dem,politics,1.1082,1,2026-08-25T12:05:52Z,,,,0.152887,6.247571,7.982,,4
2026-08-25,usgubewc-usgub-ri-2026-11-03-rep,politics,0.3626,1,2026-08-25T12:05:52Z,,,,0.065902,4.044758,12.943,,
2026-08-25,scc-hrep-rep-2026-11-03-gte205,politics,3.1836,1,2026-08-25T12:05:52Z,,,,0.523710,4.519037,13.410,,
2026-08-25,enwc-ussep-de-2026-09-15-rep-mickat,politics,0.1757,1,2026-08-25T12:05:52Z,,,,0.390146,6.781109,14.801,,
2026-08-25,vmc-ussep-mov-ma-dem-2026-09-01-mou0-5,politics,0.0000,1,2026-08-25T12:05:52Z,,,,0.051591,1.183781,11.602,,
2026-08-25,usgubewc-usgub-vt-2026-11-03-rep,politics,0.6480,1,2026-08-25T12:05:52Z,,,,0.221633,6.020909,12.588,,
2026-08-25,ussewc-usse-ks-2026-11-03-rep,politics,0.0788,2,2026-08-25T12:05:52Z,,,,0.088293,6.123627,8.928,,5
2026-08-25,ussewc-usse-nj-2026-11-03-dem,politics,1.9231,1,2026-08-25T12:05:52Z,,,,0.343826,6.142577,13.493,,
2026-08-25,ussewc-usse-or-2026-11-03-rep,politics,2.0832,1,2026-08-25T12:05:52Z,,,,0.168532,6.049897,11.241,,
2026-08-25,ussewc-usse-ks-2026-11-03-dem,politics,0.5723,1,2026-08-25T12:05:52Z,,,,0.196253,6.020811,13.648,,
2026-08-25,ussewc-usse-la-2026-11-03-dem,politics,1.5306,1,2026-08-25T12:05:52Z,,,,0.380600,6.745447,14.276,,
2026-08-25,usgubewc-usgub-sc-2026-11-03-dem,politics,0.0000,1,2026-08-25T12:05:52Z,,,,0.080464,6.208752,7.857,,9
2026-08-25,ussewc-usse-la-2026-11-03-rep,politics,0.0983,1,2026-08-25T12:05:52Z,,,,0.274106,6.004413,13.360,,
2026-08-25,scc-hrep-rep-2026-11-03-gte190,politics,0.0004,1,2026-08-25T12:05:52Z,,,,0.112992,4.496569,13.663,,
2026-08-25,enwc-usgubp-ri-2026-09-09-dem-helfou,politics,4.1666,2,2026-08-25T12:05:52Z,,,,0.414714,4.267808,14.451,,
2026-08-25,ussewc-usse-ar-2026-11-03-rep,politics,4.4308,2,2026-08-25T12:05:52Z,,,,0.490042,6.042069,12.347,,
2026-08-25,enwc-uspres-nom-dem-2028-petbut,politics,0.0031,1,2026-08-25T12:05:52Z,,,,0.249895,5.668129,10.952,,
2026-08-25,ussewc-usse-ky-2026-11-03-rep,politics,0.0053,1,2026-08-25T12:05:52Z,,,,0.341350,6.002780,9.370,,
2026-08-25,usgubewc-usgub-nh-2026-11-03-rep,politics,0.0000,1,2026-08-25T12:05:52Z,,,,0.236673,5.987766,9.790,,
2026-08-25,usgubewc-usgub-tn-2026-11-03-rep,politics,0.0000,1,2026-08-25T12:05:52Z,,,,0.600777,6.094095,10.654,,
2026-08-25,usgubewc-usgub-al-2026-11-03-dem,politics,0.0267,1,2026-08-25T12:05:52Z,,,,0.007792,7.115235,9.205,,7
2026-08-25,enwc-uspres-nom-dem-2028-jbpri,politics,0.4973,1,2026-08-25T12:05:52Z,,,,0.140955,5.707391,13.099,,
2026-08-25,usgubewc-usgub-tx-2026-11-03-dem,politics,0.2094,2,2026-08-25T12:05:52Z,,,,0.478380,6.725593,14.496,,
2026-08-25,usgubewc-usgub-ok-2026-11-03-rep,politics,1.3797,1,2026-08-25T12:05:52Z,,,,0.222443,6.020359,11.822,,
2026-08-25,vmc-usgubp-mov-ok-rep-2026-08-25-maz20-25,politics,0.0000,1,2026-08-25T12:05:52Z,,,,0.048570,0.892877,0.520,,
2026-08-25,vmc-usgubp-mov-ok-rep-2026-08-25-maz25-30,politics,0.0331,1,2026-08-25T12:05:52Z,,,,0.111308,0.859721,7.602,,
2026-08-25,enwc-ussep-nh-2026-09-08-dem-chrpap,politics,0.0717,1,2026-08-25T12:05:52Z,,,,0.314874,6.054433,12.751,,
2026-08-25,usgubewc-usgub-pa-2026-11-03-rep,politics,0.5405,1,2026-08-25T12:05:52Z,,,,0.043450,6.013338,14.099,,
2026-08-25,vmc-ussep-mov-ma-dem-2026-09-01-mar35-40,politics,0.0000,1,2026-08-25T12:05:52Z,,,,0.538664,1.208763,10.393,,
2026-08-25,usgubewc-usgub-md-2026-11-03-rep,politics,0.0032,1,2026-08-25T12:05:52Z,,,,0.034087,6.625111,13.888,,6
2026-08-25,usgubewc-usgub-fl-2026-11-03-dem,politics,6.4398,2,2026-08-25T12:05:52Z,,,,0.261757,6.732118,13.728,,
2026-08-25,usgubewc-usgub-tx-2026-11-03-rep,politics,1.2500,1,2026-08-25T12:05:52Z,,,,0.176920,6.022896,12.628,,
2026-08-25,vmc-usgubp-mov-ok-rep-2026-08-25-maz15-20,politics,0.0000,1,2026-08-25T12:05:52Z,,,,0.022855,0.892842,0.583,,
2026-08-25,scc-hrep-rep-2026-11-03-gte200,politics,4.1335,2,2026-08-25T12:05:52Z,,,,0.565387,4.021250,11.071,,
2026-08-25,ussewc-usse-id-2026-11-03-todach,politics,0.0000,1,2026-08-25T12:05:52Z,,,,0.221961,6.007422,12.731,,
2026-08-25,ussewc-usse-ok-2026-11-03-rep,politics,6.2500,1,2026-08-25T12:05:52Z,,,,0.312344,5.969084,8.923,,6
2026-08-25,ussewc-usse-ri-2026-11-03-dem,politics,2.5816,1,2026-08-25T12:05:52Z,,,,0.453478,5.967784,9.774,,
2026-08-25,enwc-usgubp-ri-2026-09-09-rep-elapel,politics,3.9336,2,2026-08-25T12:05:52Z,,,,0.611460,4.015414,14.652,,
2026-08-25,vmc-ussep-mov-ma-dem-2026-09-01-mar30-35,politics,0.5165,1,2026-08-25T12:05:52Z,,,,0.498824,1.175769,9.574,,
2026-08-25,enwc-uspres-nom-rep-2028-elomus,politics,0.0216,1,2026-08-25T12:05:52Z,,,,0.006647,7.939825,13.900,,
2026-08-25,ussewc-usse-wy-2026-11-03-rep,politics,0.0173,1,2026-08-25T12:05:52Z,,,,0.082262,6.107473,13.097,,
2026-08-25,ussewc-usse-sd-2026-11-03-rep,politics,1.9231,1,2026-08-25T12:05:52Z,,,,0.326849,6.003509,11.861,,
2026-08-25,vmc-ussep-mov-ma-dem-2026-09-01-margte40,politics,0.0000,1,2026-08-25T12:05:52Z,,,,0.130743,1.096441,9.988,,
2026-08-25,usgubewc-usgub-me-2026-11-03-dem,politics,4.9607,2,2026-08-25T12:05:52Z,,,,0.516772,6.014912,12.267,,
2026-08-25,ussewc-usse-mt-2026-11-03-setbod,politics,1.1507,2,2026-08-25T12:05:52Z,,,,0.355144,4.044698,10.756,,
2026-08-25,scc-senate-gop-2026-11-03-49,politics,0.0178,1,2026-08-25T12:05:52Z,,,,0.614037,4.187695,14.840,,
2026-08-25,ewc-usp-2028-11-07-dontrujr,politics,0.0288,2,2026-08-25T12:05:52Z,,,,0.052796,3.559977,12.149,,
2026-08-25,enwc-ussep-ma-2026-09-01-dem-edmark,politics,0.0236,1,2026-08-25T12:05:52Z,,,,0.087004,5.940016,8.114,,7
2026-08-25,enwc-usgubp-ri-2026-09-09-rep-robrai,politics,0.0051,1,2026-08-25T12:05:52Z,,,,0.271906,4.036153,13.857,,
2026-08-25,usgubewc-usgub-tn-2026-11-03-dem,politics,5.2127,2,2026-08-25T12:05:52Z,,,,0.829558,6.021146,11.137,,
2026-08-25,scc-hrep-rep-2026-11-03-gte230,politics,2.9314,2,2026-08-25T12:05:52Z,,,,0.267412,4.018955,11.250,,
2026-08-25,usgubewc-usgub-ny-2026-11-03-dem,politics,0.0292,1,2026-08-25T12:05:52Z,,,,0.081331,6.029511,13.111,,
2026-08-25,usgubewc-usgub-md-2026-11-03-dem,politics,0.0000,1,2026-08-25T12:05:52Z,,,,0.174111,6.159457,11.515,,
2026-08-25,usgubewc-usgub-ri-2026-11-03-dem,politics,4.1656,2,2026-08-25T12:05:52Z,,,,0.574089,4.027651,11.311,,
2026-08-25,usgubewc-usgub-or-2026-11-03-dem,politics,3.1273,2,2026-08-25T12:05:52Z,,,,0.482414,6.017266,14.073,,
2026-08-25,ussewc-usse-sd-2026-11-03-briben,politics,3.1207,1,2026-08-25T12:05:52Z,,,,0.586970,5.973495,8.213,,
2026-08-25,scc-hrep-rep-2026-11-03-gte215,politics,2.2050,2,2026-08-25T12:05:52Z,,,,0.915517,4.580812,13.127,,
2026-08-25,usgubewc-usgub-al-2026-11-03-rep,politics,0.0049,1,2026-08-25T12:05:52Z,,,,0.231543,6.137724,12.936,,
2026-08-25,scc-senate-gop-2026-11-03-52,politics,2.4814,1,2026-08-25T12:05:52Z,,,,0.617875,4.119985,14.165,,
2026-08-25,enwc-usgubp-ri-2026-09-09-rep-aarguc,politics,0.0639,1,2026-08-25T12:05:52Z,,,,0.088497,4.021674,14.192,,
2026-08-25,ewc-usp-2028-11-07-rondes,politics,3.5710,2,2026-08-25T12:05:52Z,,,,0.434140,3.567807,12.264,,
2026-08-25,usgubewc-usgub-ne-2026-11-03-rep,politics,6.2498,1,2026-08-25T12:05:52Z,,,,0.373466,6.023914,12.022,,
2026-08-25,enwc-uspres-nom-dem-2028-jonoss,politics,0.7102,1,2026-08-25T12:05:52Z,,,,0.430643,5.901823,11.700,,8
2026-08-25,ussewc-usse-ms-2026-11-03-rep,politics,0.6497,2,2026-08-25T12:05:52Z,,,,0.386230,6.922553,14.437,,
2026-08-25,ussewc-usse-ky-2026-11-03-dem,politics,0.0607,1,2026-08-25T12:05:52Z,,,,0.359917,6.740884,11.955,,
2026-08-25,enwc-uspres-nom-dem-2028-gavnew,politics,0.0610,1,2026-08-25T12:05:52Z,,,,0.386096,6.161382,10.220,,
2026-08-25,usgubewc-usgub-ma-2026-11-03-dem,politics,0.0388,1,2026-08-25T12:05:52Z,,,,0.022488,6.838251,14.991,,
2026-08-25,usgubewc-usgub-wy-2026-11-03-dem,politics,0.0072,1,2026-08-25T12:05:52Z,,,,0.125318,6.153469,14.090,,
2026-08-25,enwc-ussep-de-2026-09-15-rep-johshu,politics,0.0001,1,2026-08-25T12:05:52Z,,,,0.286413,6.033532,12.281,,
2026-08-25,enwc-usgubp-ma-2026-09-01-rep-micmin,politics,0.0000,1,2026-08-25T12:05:52Z,,,,0.128993,6.029227,12.650,,
2026-08-25,aachc-cfb-wins-2026-11-28-ark-4pt5wins,cfb,0.0000,1,2026-08-25T12:05:52Z,,,,0.146944,2.556549,10.120,,
2026-08-25,aachc-cfb-wins-2026-11-28-wvir-7pt5wins,cfb,0.0017,1,2026-08-25T12:05:52Z,,,,0.015848,2.740591,4.112,,
2026-08-25,aachc-cfb-wins-2026-11-28-pennst-9pt5wins,cfb,2.2881,1,2026-08-25T12:05:52Z,,,,0.767175,2.571508,4.063,,
2026-08-25,aachc-cfb-wins-2026-11-28-clmsn-6pt5wins,cfb,2.6645,3,2026-08-25T12:05:52Z,,,,0.564075,4.552492,7.865,,
2026-08-25,aachc-cfb-wins-2026-11-28-fl-7pt5wins,cfb,0.0026,1,2026-08-25T12:05:52Z,,,,0.048409,2.348605,6.820,,
2026-08-25,aachc-cfb-wins-2026-11-28-iowa-6pt5wins,cfb,0.0716,1,2026-08-25T12:05:52Z,,,,0.205130,2.503931,5.666,,
2026-08-25,aachc-cfb-wins-2026-11-28-okl-6pt5wins,cfb,0.8333,1,2026-08-25T12:05:52Z,,,,0.542546,2.499980,3.834,,
2026-08-25,aachc-cfb-wins-2026-11-28-ohiost-7pt5wins,cfb,0.4264,2,2026-08-25T12:05:52Z,,,,0.291084,3.077767,2.963,,
2026-08-25,aachc-cfb-wins-2026-11-28-ohiost-8pt5wins,cfb,0.8329,2,2026-08-25T12:05:52Z,,,,0.448627,2.500013,3.575,,
2026-08-25,aachc-cfb-wins-2026-11-28-txtech-7pt5wins,cfb,0.0041,2,2026-08-25T12:05:52Z,,,,0.067764,2.450133,3.153,,
2026-08-25,aachc-cfb-wins-2026-11-28-ncar-5pt5wins,cfb,0.4970,2,2026-08-25T12:05:52Z,,,,0.302677,2.753569,4.025,,
2026-08-25,aachc-cfb-wins-2026-11-28-ucla-4pt5wins,cfb,0.8233,1,2026-08-25T12:05:52Z,,,,0.238951,2.744675,3.859,,
2026-08-25,aachc-cfb-wins-2026-11-28-vand-6pt5wins,cfb,0.0023,1,2026-08-25T12:05:52Z,,,,0.161715,2.499996,3.597,,
2026-08-25,aachc-cfb-wins-2026-11-28-miss-5pt5wins,cfb,0.5526,2,2026-08-25T12:05:52Z,,,,0.365479,3.772149,4.013,,
2026-08-25,aachc-cfb-wins-2026-11-28-iowast-5pt5wins,cfb,0.8212,2,2026-08-25T12:05:52Z,,,,0.264621,2.653149,4.989,,
2026-08-25,aachc-cfb-wins-2026-11-28-iowast-6pt5wins,cfb,2.4925,1,2026-08-25T12:05:52Z,,,,0.391464,2.501558,4.841,,
2026-08-25,aachc-cfb-wins-2026-11-28-mich-9pt5wins,cfb,0.0010,1,2026-08-25T12:05:52Z,,,,0.043059,2.422143,3.757,,
2026-08-25,aachc-cfb-wins-2026-11-28-washst-7pt5wins,cfb,2.1005,2,2026-08-25T12:05:52Z,,,,0.398044,2.687956,4.546,,
2026-08-25,aachc-cfb-wins-2026-11-28-minnst-8pt5wins,cfb,2.4862,2,2026-08-25T12:05:52Z,,,,0.707202,2.705961,4.472,,
2026-08-25,aachc-cfb-wins-2026-11-28-wisc-5pt5wins,cfb,0.0013,1,2026-08-25T12:05:52Z,,,,0.335786,2.450107,3.450,,
2026-08-25,aachc-cfb-wins-2026-11-28-sc-5pt5wins,cfb,0.0010,1,2026-08-25T12:05:52Z,,,,0.267582,2.970865,4.087,,
2026-08-25,aachc-cfb-wins-2026-11-28-utah-7pt5wins,cfb,0.0000,1,2026-08-25T12:05:52Z,,,,0.583020,2.578596,4.113,,
2026-08-25,aachc-cfb-wins-2026-11-28-ucf-7pt5wins,cfb,0.0067,2,2026-08-25T12:05:52Z,,,,0.293927,2.948819,4.361,,
2026-08-25,aachc-cfb-wins-2026-11-28-nd-11pt5wins,cfb,0.0101,2,2026-08-25T12:05:52Z,,,,0.172250,2.682832,4.235,,
2026-08-25,aachc-cfb-wins-2026-11-28-mspst-4pt5wins,cfb,0.0003,2,2026-08-25T12:05:52Z,,,,0.232657,2.488601,3.329,,
2026-08-25,aachc-cfb-wins-2026-11-28-oregst-3pt5wins,cfb,0.0008,1,2026-08-25T12:05:52Z,,,,0.190662,2.728390,4.140,,
2026-08-25,aachc-cfb-wins-2026-11-28-nw-6pt5wins,cfb,0.0035,3,2026-08-25T12:05:52Z,,,,0.234021,2.499996,3.951,,
2026-08-25,aachc-cfb-wins-2026-11-28-usc-6pt5wins,cfb,1.0768,2,2026-08-25T12:05:52Z,,,,0.254382,2.575550,4.043,,
2026-08-25,aachc-cfb-wins-2026-11-28-missr-4pt5wins,cfb,0.0619,2,2026-08-25T12:05:52Z,,,,0.725958,3.191585,1.291,,6
2026-08-25,aachc-cfb-wins-2026-11-28-ucf-4pt5wins,cfb,0.0046,1,2026-08-25T12:05:52Z,,,,0.304668,2.499824,3.427,,
2026-08-25,aachc-cfb-wins-2026-11-28-txst-6pt5wins,cfb,0.0083,1,2026-08-25T12:05:52Z,,,,0.234215,2.730571,3.816,,
2026-08-25,aachc-cfb-wins-2026-11-28-wake-5pt5wins,cfb,0.0001,1,2026-08-25T12:05:52Z,,,,0.028446,2.463460,3.484,,
2026-08-25,aachc-cfb-wins-2026-11-28-tenn-5pt5wins,cfb,0.0120,1,2026-08-25T12:05:52Z,,,,0.132963,3.880700,4.017,,
2026-08-25,aachc-cfb-wins-2026-11-28-txam-9pt5wins,cfb,0.0016,1,2026-08-25T12:05:52Z,,,,0.345859,2.563039,3.957,,
2026-08-25,aachc-cfb-wins-2026-11-28-fl-8pt5wins,cfb,0.0000,1,2026-08-25T12:05:52Z,,,,0.068974,4.183294,2.891,,5
2026-08-25,aachc-cfb-wins-2026-11-28-uk-6pt5wins,cfb,0.0004,1,2026-08-25T12:05:52Z,,,,0.000187,2.500000,2.280,,
2026-08-25,aachc-cfb-wins-2026-11-28-tcu-9pt5wins,cfb,0.0001,1,2026-08-25T12:05:52Z,,,,0.276937,2.542269,3.614,,
2026-08-25,aachc-cfb-wins-2026-11-28-pitt-5pt5wins,cfb,0.0006,1,2026-08-25T12:05:52Z,,,,0.155170,2.510903,2.283,,
2026-08-25,aachc-cfb-wins-2026-11-28-frest-4pt5wins,cfb,2.5000,1,2026-08-25T12:05:52Z,,,,0.755531,2.794921,6.637,,
2026-08-25,aachc-cfb-wins-2026-11-28-tx-10pt5wins,cfb,0.8084,2,2026-08-25T12:05:52Z,,,,0.218033,2.525966,4.219,,
2026-08-25,aachc-cfb-wins-ou-2026-11-28-arz,cfb,0.0000,1,2026-08-25T12:05:52Z,,,,0.208060,0.162424,3.347,,
2026-08-25,aachc-cfb-wins-2026-11-28-ind-7pt5wins,cfb,0.0553,1,2026-08-25T12:05:52Z,,,,0.187047,2.450583,6.154,,
2026-08-25,aachc-cfb-wins-2026-11-28-utahst-6pt5wins,cfb,1.9250,2,2026-08-25T12:05:52Z,,,,0.379070,2.715386,3.798,,
2026-08-25,aachc-cfb-wins-2026-11-28-gtech-6pt5wins,cfb,0.0067,1,2026-08-25T12:05:52Z,,,,0.101994,2.788759,8.630,,
2026-08-25,aachc-cfb-wins-2026-11-28-ill-8pt5wins,cfb,0.0000,1,2026-08-25T12:05:52Z,,,,0.126404,2.473299,6.665,,
2026-08-25,aachc-cfb-wins-2026-11-28-ill-6pt5wins,cfb,0.5023,2,2026-08-25T12:05:52Z,,,,0.383682,2.519605,7.326,,
2026-08-25,aachc-cfb-wins-2026-11-28-mia-9pt5wins,cfb,0.0001,1,2026-08-25T12:05:52Z,,,,0.000213,4.192100,3.768,,
2026-08-25,aachc-cfb-wins-2026-11-28-oregst-1pt5wins,cfb,0.0000,1,2026-08-25T12:05:52Z,,,,0.327479,2.453992,3.496,,
2026-08-25,aachc-cfb-wins-2026-11-28-kan-3pt5wins,cfb,1.0423,2,2026-08-25T12:05:52Z,,,,0.574651,2.955414,5.538,,
2026-08-25,aachc-cfb-wins-2026-11-28-pennst-10pt5wins,cfb,0.8335,2,2026-08-25T12:05:52Z,,,,0.383827,2.574507,4.301,,
2026-08-25,aachc-cfb-wins-2026-11-28-hou-6pt5wins,cfb,0.8315,2,2026-08-25T12:05:52Z,,,,0.187714,2.495849,7.512,,
2026-08-25,aachc-cfb-wins-2026-11-28-byu-9pt5wins,cfb,1.3144,2,2026-08-25T12:05:52Z,,,,0.447777,2.780942,9.369,,
2026-08-25,aachc-cfb-wins-2026-11-28-okl-8pt5wins,cfb,0.0005,1,2026-08-25T12:05:52Z,,,,0.633845,2.500030,4.302,,
2026-08-25,aachc-cfb-wins-2026-11-28-ala-9pt5wins,cfb,0.7145,2,2026-08-25T12:05:52Z,,,,0.502424,2.673070,13.036,,
2026-08-25,aachc-cfb-wins-2026-11-28-nd-10pt5wins,cfb,0.3592,2,2026-08-25T12:05:52Z,,,,0.044046,2.439717,3.710,,
2026-08-25,aachc-cfb-wins-2026-11-28-tx-7pt5wins,cfb,0.0071,1,2026-08-25T12:05:52Z,,,,0.043466,2.576344,3.600,,
2026-08-25,aachc-cfb-wins-2026-11-28-stan-5pt5wins,cfb,0.3297,2,2026-08-25T12:05:52Z,,,,0.237367,2.687017,4.143,,
2026-08-25,aachc-cfb-wins-2026-11-28-smu-10pt5wins,cfb,0.8168,2,2026-08-25T12:05:52Z,,,,0.378761,2.525280,3.725,,
2026-08-25,aachc-cfb-wins-2026-11-28-aubrn-4pt5wins,cfb,0.0008,1,2026-08-25T12:05:52Z,,,,0.237099,2.540837,3.971,,7
2026-08-25,aachc-cfb-wins-2026-11-28-colst-1pt5wins,cfb,0.4472,1,2026-08-25T12:05:52Z,,,,0.275263,2.352440,6.541,,
2026-08-25,aachc-cfb-wins-2026-11-28-sdst-8pt5wins,cfb,2.4830,3,2026-08-25T12:05:52Z,,,,0.829598,2.698912,4.171,,
2026-08-25,aachc-cfb-wins-2026-11-28-byu-6pt5wins,cfb,0.0000,1,2026-08-25T12:05:52Z,,,,0.012918,2.636674,7.007,,
2026-08-25,aachc-cfb-wins-2026-11-28-pur-5pt5wins,cfb,0.0000,1,2026-08-25T12:05:52Z,,,,0.291621,2.476098,3.496,,
2026-08-25,aachc-cfb-wins-2026-11-28-kanst-7pt5wins,cfb,0.4593,1,2026-08-25T12:05:52Z,,,,0.749675,2.497163,4.092,,
2026-08-25,aachc-cfb-wins-2026-11-28-ga-8pt5wins,cfb,0.4235,2,2026-08-25T12:05:52Z,,,,0.239519,2.372047,5.761,,
2026-08-25,aachc-cfb-wins-2026-11-28-flst-7pt5wins,cfb,0.0367,2,2026-08-25T12:05:52Z,,,,0.008195,2.339231,5.906,,
2026-08-25,aachc-cfb-wins-2026-11-28-frest-8pt5wins,cfb,0.4166,2,2026-08-25T12:05:52Z,,,,0.130256,2.672366,7.377,,
2026-08-25,aachc-cfb-wins-2026-11-28-hou-7pt5wins,cfb,0.1037,2,2026-08-25T12:05:52Z,,,,0.051409,2.375544,6.522,,
2026-08-25,aachc-cfb-wins-2026-11-28-nebr-5pt5wins,cfb,0.6058,2,2026-08-25T12:05:52Z,,,,0.290461,2.466005,3.654,,
2026-08-25,aachc-cfb-wins-2026-11-28-wash-10pt5wins,cfb,1.4709,2,2026-08-25T12:05:52Z,,,,0.686087,2.517097,3.703,,
2026-08-25,aachc-cfb-wins-2026-11-28-miss-9pt5wins,cfb,0.3244,2,2026-08-25T12:05:52Z,,,,0.108483,2.489153,3.513,,
2026-08-25,aachc-cfb-wins-2026-11-28-stan-4pt5wins,cfb,2.5000,1,2026-08-25T12:05:52Z,,,,0.920594,2.562538,3.663,,
2026-08-25,aachc-cfb-wins-ou-2026-11-28-ohiost,cfb,0.0048,1,2026-08-25T12:05:52Z,,,,0.205385,0.168600,3.504,,
2026-08-25,aachc-cfb-wins-2026-11-28-uk-3pt5wins,cfb,0.0000,1,2026-08-25T12:05:52Z,,,,0.095456,2.489331,3.547,,
2026-08-25,aachc-cfb-wins-2026-11-28-txst-5pt5wins,cfb,0.6208,2,2026-08-25T12:05:52Z,,,,0.423715,2.700588,4.114,,
2026-08-25,aachc-cfb-wins-2026-11-28-vir-7pt5wins,cfb,0.0000,1,2026-08-25T12:05:52Z,,,,0.120937,2.973840,3.882,,
2026-08-25,aachc-cfb-wins-2026-11-28-frest-6pt5wins,cfb,0.2778,1,2026-08-25T12:05:52Z,,,,0.117861,2.733961,6.764,,
2026-08-25,vmc-ussep-mov-ma-dem-2026-09-01-mar10-15,politics,0.0000,1,2026-08-25T12:25:39Z,,,,0.234696,1.129529,10.234,,
2026-08-25,vmc-ussep-mov-ma-dem-2026-09-01-mar0-5,politics,0.0000,1,2026-08-25T12:25:39Z,,,,0.125156,1.196036,11.487,,
2026-08-25,ewc-usgub-az-2026-11-03-dem,politics,0.0000,1,2026-08-25T12:25:39Z,,,,0.000163,6.249552,0.089,,3
2026-08-25,vmc-ussep-mov-ma-dem-2026-09-01-mar20-25,politics,0.0000,1,2026-08-25T12:25:39Z,,,,0.321959,1.236028,11.882,,
2026-08-25,ewc-usgub-az-2026-11-03-rep,politics,0.0000,1,2026-08-25T12:25:39Z,,,,0.576994,9.041825,0.301,,9
2026-08-25,enwc-ussep-ma-2026-09-01-dem-setmou,politics,12.3088,1,2026-08-25T12:25:39Z,,,,0.992985,10.979962,0.921,,8
2026-08-25,scc-senate-gop-2026-11-03-gte57,politics,0.2317,1,2026-08-25T12:25:39Z,,,,0.029519,3.815774,7.164,,9
2026-08-25,ewc-usp-2028-11-07-andbes,politics,0.0103,1,2026-08-25T12:25:39Z,,,,0.164866,3.424228,1.458,,7
2026-08-25,paccc-usho-midterms-2026-11-03-rep,politics,0.0002,1,2026-08-25T12:25:39Z,,,,0.109749,139.982986,2.238,,13
2026-08-25,ewc-usgub-ia-2026-11-03-rep,politics,0.0000,1,2026-08-25T12:25:39Z,,,,0.726256,10.708828,0.260,,10
2026-08-25,scc-hrep-rep-2026-11-03-gte180,politics,1.5711,1,2026-08-25T12:25:39Z,,,,0.024238,7.997417,0.978,,6
2026-08-25,aachc-cfb-wins-2026-11-28-colst-2pt5wins,cfb,0.0064,2,2026-08-25T12:25:39Z,,,,0.109276,2.731293,8.486,,
2026-08-25,aachc-cfb-wins-2026-11-28-mary-5pt5wins,cfb,0.6796,2,2026-08-25T12:25:39Z,,,,0.335146,2.903663,5.078,,
2026-08-25,aachc-cfb-wins-2026-11-28-nw-7pt5wins,cfb,0.0000,1,2026-08-25T12:25:39Z,,,,0.999681,2.500003,0.991,,
2026-08-25,aachc-cfb-wins-2026-11-28-mst-5pt5wins,cfb,0.0135,2,2026-08-25T12:25:39Z,,,,0.178709,2.445427,3.837,,
2026-08-25,aachc-cfb-wins-2026-11-28-lsu-9pt5wins,cfb,1.6451,2,2026-08-25T12:25:39Z,,,,0.383247,2.531214,4.485,,
2026-08-25,aachc-cfb-wins-2026-11-28-ncar-6pt5wins,cfb,0.0025,1,2026-08-25T12:25:39Z,,,,0.334055,2.499987,3.706,,
2026-08-25,aachc-cfb-wins-2026-11-28-ucf-3pt5wins,cfb,0.2221,2,2026-08-25T12:25:39Z,,,,0.129849,2.499984,3.531,,
2026-08-25,aachc-cfb-wins-ou-2026-11-28-washst,cfb,0.1174,2,2026-08-25T12:25:39Z,,,,0.238568,0.177560,3.566,,
2026-08-25,aachc-cfb-wins-2026-11-28-arz-8pt5wins,cfb,2.4997,1,2026-08-25T12:25:39Z,,,,0.467527,2.507831,11.613,,
2026-08-25,aachc-cfb-wins-2026-11-28-gtech-5pt5wins,cfb,0.0203,2,2026-08-25T12:25:39Z,,,,0.442704,2.792565,1.260,,7
2026-08-25,aachc-cfb-wins-2026-11-28-rutger-6pt5wins,cfb,0.0224,2,2026-08-25T12:25:39Z,,,,0.196312,2.546414,3.736,,
2026-08-25,aachc-cfb-wins-2026-11-28-pur-3pt5wins,cfb,0.2396,1,2026-08-25T12:25:39Z,,,,0.413160,4.921804,2.218,,
2026-08-25,aachc-cfb-wins-2026-11-28-mich-8pt5wins,cfb,0.0025,1,2026-08-25T12:25:39Z,,,,0.101653,2.462121,3.448,,
2026-08-25,aachc-cfb-wins-2026-11-28-gtech-8pt5wins,cfb,0.0636,2,2026-08-25T12:25:39Z,,,,0.074584,2.425218,6.671,,
2026-08-25,aachc-cfb-wins-2026-11-28-duke-3pt5wins,cfb,0.0000,1,2026-08-25T12:25:39Z,,,,0.311126,2.398279,5.111,,6
2026-08-25,aachc-cfb-wins-2026-11-28-ore-9pt5wins,cfb,0.0478,1,2026-08-25T12:25:39Z,,,,0.343639,3.026784,3.953,,
2026-08-25,aachc-cfb-wins-2026-11-28-cah-7pt5wins,cfb,0.0059,2,2026-08-25T12:25:39Z,,,,0.156510,4.325250,2.073,,6
2026-08-25,aachc-cfb-wins-2026-11-28-flst-6pt5wins,cfb,0.0009,1,2026-08-25T12:25:39Z,,,,0.044666,2.499990,0.216,,5
2026-08-25,aachc-cfb-wins-2026-11-28-smu-6pt5wins,cfb,0.0206,2,2026-08-25T12:25:39Z,,,,0.590757,2.852780,0.556,,
2026-08-25,aachc-cfb-wins-2026-11-28-utahst-3pt5wins,cfb,0.5576,1,2026-08-25T12:25:39Z,,,,0.294172,2.736262,3.468,,
2026-08-25,aachc-cfb-wins-2026-11-28-nebr-4pt5wins,cfb,0.0000,1,2026-08-25T12:25:39Z,,,,0.227548,2.813118,3.007,,
2026-08-25,aachc-cfb-wins-2026-11-28-ala-8pt5wins,cfb,2.5001,2,2026-08-25T12:25:39Z,,,,0.139479,2.402913,9.261,,4
2026-08-25,aachc-cfb-wins-2026-11-28-arz-9pt5wins,cfb,0.0002,1,2026-08-25T12:25:39Z,,,,0.036648,2.340812,4.141,,
2026-08-25,aachc-cfb-wins-2026-11-28-uk-4pt5wins,cfb,0.0051,1,2026-08-25T12:25:39Z,,,,0.237049,6.527355,1.581,,
2026-08-25,aachc-cfb-wins-2026-11-28-okl-9pt5wins,cfb,0.0000,1,2026-08-25T12:25:39Z,,,,0.243695,2.649520,1.046,,
2026-08-25,aachc-cfb-wins-2026-11-28-duke-7pt5wins,cfb,0.0746,1,2026-08-25T12:25:39Z,,,,0.200600,2.483666,2.294,,7
2026-08-25,aachc-cfb-wins-2026-11-28-wake-4pt5wins,cfb,0.0027,1,2026-08-25T12:25:39Z,,,,0.148056,3.838885,3.643,,
2026-08-25,aachc-cfb-wins-ou-2026-11-28-byu,cfb,0.0324,1,2026-08-25T12:25:39Z,,,,0.446027,0.169357,1.031,,
2026-08-25,aachc-cfb-wins-2026-11-28-clmsn-7pt5wins,cfb,0.0459,1,2026-08-25T12:25:39Z,,,,0.346289,2.321465,0.922,,8
2026-08-25,aachc-cfb-wins-2026-11-28-ore-8pt5wins,cfb,2.4334,1,2026-08-25T12:25:39Z,,,,0.635901,2.518270,0.522,,
2026-08-25,aachc-cfb-wins-ou-2026-11-28-pennst,cfb,0.0000,2,2026-08-25T12:25:39Z,,,,0.473321,0.164477,0.175,,
2026-08-25,ewc-usgub-oh-2026-11-03-rep,politics,0.0000,1,2026-08-25T13:26:07Z,,,,0.587750,98.174708,3.984,,
2026-08-25,usgubewc-usgub-id-2026-11-03-rep,politics,5.5774,1,2026-08-25T13:26:07Z,,,,0.314973,6.969578,10.042,,7
2026-08-25,ussewc-usse-de-2026-11-03-dem,politics,5.6561,1,2026-08-25T13:26:07Z,,,,0.381640,7.711667,6.167,,2
2026-08-25,enwc-usgubp-ma-2026-09-01-rep-brisho,politics,6.2222,2,2026-08-25T13:26:07Z,,,,0.388284,7.171384,8.505,,
2026-08-25,enwc-uspres-nom-dem-2028-micoba,politics,0.0000,1,2026-08-25T13:26:07Z,,,,0.585150,9.091062,0.529,,10
2026-08-25,usgubewc-usgub-sd-2026-11-03-dem,politics,3.7067,1,2026-08-25T13:26:07Z,,,,0.571132,6.674116,13.089,,
2026-08-25,ussewc-usse-or-2026-11-03-dem,politics,0.0075,1,2026-08-25T13:26:07Z,,,,0.157726,8.678169,3.164,,5
2026-08-25,ussewc-usse-ri-2026-11-03-rep,politics,5.6612,1,2026-08-25T13:26:07Z,,,,0.576233,6.703774,11.880,,
2026-08-25,ewc-usgub-ks-2026-11-03-rep,politics,0.0013,1,2026-08-25T13:26:07Z,,,,0.274620,7.211473,8.804,,
2026-08-25,scc-senate-gop-2026-11-03-53,politics,2.5938,1,2026-08-25T13:26:07Z,,,,0.462862,4.804282,5.360,,9
2026-08-25,usgubewc-usgub-sc-2026-11-03-rep,politics,3.1789,2,2026-08-25T13:26:07Z,,,,0.522818,5.976699,9.887,,
2026-08-25,usgubewc-usgub-wy-2026-11-03-rep,politics,0.0289,1,2026-08-25T13:26:07Z,,,,0.391464,5.922769,6.268,,5
2026-08-25,scc-senate-gop-2026-11-03-56,politics,0.0000,1,2026-08-25T13:26:07Z,,,,0.057352,7.142857,0.961,,7
2026-08-25,ewc-usgub-ga-2026-11-03-dem,politics,0.0000,2,2026-08-25T13:26:07Z,,,,0.288006,71.774032,2.350,,9
2026-08-25,ewc-usse-nc-2026-11-03-rep,politics,0.0000,1,2026-08-25T13:26:07Z,,,,0.268545,50.000278,0.833,,8
2026-08-25,ewc-usgub-mi-2026-11-03-dem,politics,0.0000,1,2026-08-25T13:26:07Z,,,,0.689285,6.411576,1.196,,
2026-08-25,enwc-uspres-nom-rep-2028-vivram,politics,0.0000,1,2026-08-25T13:26:07Z,,,,0.309589,16.666667,0.453,,4
2026-08-25,ussewc-usse-wv-2026-11-03-rep,politics,0.0431,1,2026-08-25T13:26:07Z,,,,0.041331,6.249994,0.784,,4
2026-08-25,enwc-uspres-nom-rep-2028-ranpau,politics,6.9164,1,2026-08-25T13:26:07Z,,,,0.288041,12.546273,0.619,,9
2026-08-25,vsc-usgubp-fl-fshbck-atl-21pct,politics,0.0000,1,2026-08-25T13:26:07Z,,,,0.877218,1.781226,1.125,,2
2026-08-25,ussewc-usse-mt-2026-11-03-dem,politics,0.3559,1,2026-08-25T13:26:07Z,,,,0.174406,12.500000,0.260,,5
2026-08-25,aachc-cfb-wins-2026-11-28-usc-10pt5wins,cfb,0.0002,1,2026-08-25T13:26:07Z,,,,0.075194,3.125063,0.502,,
2026-08-25,aachc-cfb-wins-2026-11-28-missr-7pt5wins,cfb,0.0178,1,2026-08-25T13:26:07Z,,,,0.222964,2.815264,1.013,,
2026-08-25,aachc-cfb-wins-2026-11-28-syra-5pt5wins,cfb,0.2669,1,2026-08-25T13:26:07Z,,,,0.162129,3.379167,2.008,,
2026-08-25,aachc-cfb-wins-2026-11-28-ncar-3pt5wins,cfb,0.0248,1,2026-08-25T13:26:07Z,,,,0.096603,3.227899,1.082,,
2026-08-25,aachc-cfb-wins-2026-11-28-bayl-5pt5wins,cfb,1.0682,2,2026-08-25T13:26:07Z,,,,0.281729,6.206332,1.329,,7
2026-08-25,aachc-cfb-wins-2026-11-28-rutger-5pt5wins,cfb,0.0012,1,2026-08-25T13:26:07Z,,,,0.140694,4.879094,0.833,,
2026-08-25,aachc-cfb-wins-2026-11-28-gtech-7pt5wins,cfb,0.0009,1,2026-08-25T13:26:07Z,,,,1.099756,3.390100,2.598,,5
2026-08-25,aachc-cfb-wins-2026-11-28-fl-9pt5wins,cfb,0.0000,1,2026-08-25T13:26:07Z,,,,0.097134,6.250000,0.502,,5
2026-08-25,aachc-cfb-wins-2026-11-28-tcu-7pt5wins,cfb,0.0007,1,2026-08-25T13:26:07Z,,,,0.397392,4.243359,1.071,,
2026-08-25,aachc-cfb-wins-2026-11-28-ore-7pt5wins,cfb,0.0018,1,2026-08-25T13:26:07Z,,,,0.153503,5.468770,0.628,,
2026-08-25,aachc-cfb-wins-2026-11-28-vtech-8pt5wins,cfb,0.0305,2,2026-08-25T13:26:07Z,,,,0.107163,5.475707,0.627,,
2026-08-25,aachc-cfb-wins-2026-11-28-ncst-5pt5wins,cfb,0.0121,1,2026-08-25T13:26:07Z,,,,0.499554,3.076302,1.297,,
2026-08-25,aachc-cfb-wins-2026-11-28-lou-7pt5wins,cfb,2.4510,2,2026-08-25T13:26:07Z,,,,0.990988,4.292434,0.952,,6
2026-08-25,aachc-cfb-wins-2026-11-28-vtech-7pt5wins,cfb,0.1812,1,2026-08-25T13:26:07Z,,,,0.241929,3.372362,2.134,,
2026-08-25,aachc-cfb-wins-2026-11-28-smu-9pt5wins,cfb,0.0446,1,2026-08-25T13:26:07Z,,,,0.144138,2.921151,1.936,,
2026-08-25,aachc-cfb-wins-2026-11-28-lsu-6pt5wins,cfb,2.4999,1,2026-08-25T13:26:07Z,,,,0.846270,4.878615,1.829,,4
2026-08-25,aachc-cfb-wins-2026-11-28-wash-9pt5wins,cfb,1.8725,1,2026-08-25T13:26:07Z,,,,0.725032,5.133259,1.668,,
2026-08-25,aachc-cfb-wins-2026-11-28-ark-3pt5wins,cfb,0.4082,1,2026-08-25T13:26:07Z,,,,0.596922,2.762497,2.216,,1
2026-08-25,aachc-cfb-wins-2026-11-28-wisc-8pt5wins,cfb,1.4134,1,2026-08-25T13:26:07Z,,,,0.611941,2.913993,1.805,,
2026-08-25,aachc-cfb-wins-2026-11-28-okst-7pt5wins,cfb,0.0000,1,2026-08-25T13:26:07Z,,,,0.260704,4.199777,1.068,,
2026-08-25,aachc-cfb-wins-2026-11-28-arz-6pt5wins,cfb,3.1724,2,2026-08-25T13:26:07Z,,,,0.982747,2.513951,4.928,,5
2026-08-25,aachc-cfb-wins-2026-11-28-utah-9pt5wins,cfb,2.7313,2,2026-08-25T13:26:07Z,,,,0.667817,2.872616,0.777,,
2026-08-25,aachc-cfb-wins-2026-11-28-duke-5pt5wins,cfb,0.8588,2,2026-08-25T13:26:07Z,,,,0.725113,2.500029,0.807,,3
2026-08-25,aachc-cfb-wins-2026-11-28-oregst-5pt5wins,cfb,0.0000,1,2026-08-25T13:26:07Z,,,,0.457677,3.000322,1.621,,
2026-08-25,aachc-cfb-wins-2026-11-28-kan-5pt5wins,cfb,0.0259,1,2026-08-25T13:26:07Z,,,,0.245153,3.123050,2.523,,
2026-08-25,aachc-cfb-wins-2026-11-28-missr-8pt5wins,cfb,0.0728,1,2026-08-25T13:26:07Z,,,,0.253507,2.599609,1.462,,
2026-08-25,aachc-cfb-wins-ou-2026-11-28-ill,cfb,0.0023,2,2026-08-25T13:26:07Z,,,,0.446560,0.242851,0.695,,
2026-08-25,aachc-cfb-wins-ou-2026-11-28-nd,cfb,0.0106,1,2026-08-25T13:26:07Z,,,,1.007351,0.284095,0.484,,
2026-08-25,aachc-cfb-wins-ou-2026-11-28-missr,cfb,0.0181,2,2026-08-25T13:26:07Z,,,,0.223544,0.259614,0.599,,
2026-08-25,aachc-cfb-wins-2026-11-28-arz-7pt5wins,cfb,0.1464,1,2026-08-25T13:26:07Z,,,,0.427424,2.780853,2.474,,7
2026-08-25,aachc-cfb-wins-ou-2026-11-28-fl,cfb,0.0046,1,2026-08-25T13:26:07Z,,,,0.074667,0.236159,0.718,,
2026-08-25,aachc-cfb-wins-ou-2026-11-28-frest,cfb,0.0222,1,2026-08-25T13:26:07Z,,,,0.275624,0.212969,1.145,,
2026-08-25,aachc-cfb-wins-ou-2026-11-28-kan,cfb,0.0031,2,2026-08-25T13:26:07Z,,,,0.319118,0.244301,0.667,,
2026-08-25,aachc-cfb-wins-2026-11-28-washst-6pt5wins,cfb,0.6249,1,2026-08-25T13:26:07Z,,,,0.546292,3.396311,0.845,,
2026-08-25,aachc-cfb-wins-ou-2026-11-28-syra,cfb,0.0025,2,2026-08-25T13:26:07Z,,,,0.330577,0.276930,0.426,,
2026-08-25,aachc-cfb-wins-ou-2026-11-28-wake,cfb,0.0000,1,2026-08-25T13:26:07Z,,,,0.171295,0.177997,3.524,,
2026-08-25,aachc-cfb-wins-2026-11-28-ncst-7pt5wins,cfb,0.0376,1,2026-08-25T13:26:07Z,,,,0.115120,3.778057,0.516,,
2026-08-25,aachc-cfb-wins-2026-11-28-flst-5pt5wins,cfb,0.0333,1,2026-08-25T13:26:07Z,,,,0.410506,3.768678,1.562,,5
2026-08-25,aachc-cfb-wins-2026-11-28-nd-7pt5wins,cfb,0.0002,1,2026-08-25T13:26:07Z,,,,0.080558,4.166550,0.398,,
2026-08-25,aachc-cfb-wins-2026-11-28-flst-8pt5wins,cfb,0.1273,1,2026-08-25T13:26:07Z,,,,0.031499,4.166667,0.115,,5
2026-08-25,aachc-cfb-wins-2026-11-28-bayl-6pt5wins,cfb,0.0000,1,2026-08-25T13:26:07Z,,,,0.363860,5.512543,0.811,,8
2026-08-25,aachc-cfb-wins-2026-11-28-okl-7pt5wins,cfb,0.0325,1,2026-08-25T13:26:07Z,,,,0.175999,2.500064,0.390,,
2026-08-25,aachc-cfb-wins-ou-2026-11-28-okst,cfb,0.1598,1,2026-08-25T13:26:07Z,,,,0.749243,0.224789,0.726,,
2026-08-25,aachc-cfb-wins-2026-11-28-stan-3pt5wins,cfb,0.0001,1,2026-08-25T13:26:07Z,,,,0.091245,3.107174,0.809,,
2026-08-25,ewc-usse-ne-2026-11-03-dem,politics,2.7966,1,2026-08-25T14:26:07Z,,,,0.214272,12.499920,0.810,,9
2026-08-25,scc-senate-gop-2026-11-03-48,politics,3.4649,1,2026-08-25T14:26:07Z,,,,0.763368,4.042613,7.058,,
2026-08-25,usgubewc-usgub-ar-2026-11-03-rep,politics,5.2083,1,2026-08-25T14:26:07Z,,,,0.213238,5.926093,5.309,,
2026-08-25,usgubewc-usgub-ar-2026-11-03-dem,politics,6.2500,1,2026-08-25T14:26:07Z,,,,0.634746,5.798305,4.476,,
2026-08-25,enwc-uspres-nom-dem-2028-dwajoh,politics,0.0018,1,2026-08-25T14:26:07Z,,,,0.039746,5.625745,7.110,,
2026-08-25,aachc-cfb-wins-2026-11-28-txam-8pt5wins,cfb,0.4544,1,2026-08-25T14:26:07Z,,,,0.494773,2.798406,0.563,,
2026-08-25,aachc-cfb-wins-2026-11-28-aubrn-5pt5wins,cfb,0.4955,2,2026-08-25T14:26:07Z,,,,0.074853,2.887528,7.175,,
2026-08-25,aachc-cfb-wins-ou-2026-11-28-cah,cfb,0.0002,2,2026-08-25T14:26:07Z,,,,0.312588,0.218258,0.534,,
2026-08-25,aachc-cfb-wins-2026-11-28-hou-8pt5wins,cfb,1.3881,1,2026-08-25T14:26:07Z,,,,0.769026,2.574620,1.521,,8
2026-08-25,aachc-cfb-wins-2026-11-28-syra-3pt5wins,cfb,0.0080,1,2026-08-25T14:26:07Z,,,,0.708448,3.427533,0.959,,
2026-08-25,aachc-cfb-wins-2026-11-28-sdst-5pt5wins,cfb,2.4817,1,2026-08-25T14:26:07Z,,,,0.388943,3.666130,0.331,,
2026-08-25,aachc-cfb-wins-ou-2026-11-28-mst,cfb,0.0003,1,2026-08-25T14:26:07Z,,,,0.299278,0.185681,1.271,,
2026-08-25,aachc-cfb-wins-2026-11-28-txst-7pt5wins,cfb,0.0011,1,2026-08-25T14:26:07Z,,,,0.452070,3.016223,0.698,,
2026-08-25,aachc-cfb-wins-2026-11-28-ucf-6pt5wins,cfb,0.1631,1,2026-08-25T14:26:07Z,,,,0.085660,3.472363,0.724,,
2026-08-25,aachc-cfb-wins-2026-11-28-ark-1pt5wins,cfb,0.0155,1,2026-08-25T14:26:07Z,,,,0.197082,3.092180,1.031,,5
2026-08-25,aachc-cfb-wins-ou-2026-11-28-arzst,cfb,0.0006,1,2026-08-25T14:26:07Z,,,,0.320670,0.195789,0.754,,
2026-08-25,aachc-cfb-wins-ou-2026-11-28-cin,cfb,0.0005,2,2026-08-25T14:26:07Z,,,,0.241713,0.207094,0.622,,
2026-08-25,aachc-cfb-wins-2026-11-28-wisc-4pt5wins,cfb,0.7535,1,2026-08-25T14:26:07Z,,,,0.438584,2.891378,0.743,,
2026-08-25,aachc-cfb-wins-2026-11-28-washst-3pt5wins,cfb,0.7162,2,2026-08-25T14:26:07Z,,,,0.474161,3.063240,0.525,,
2026-08-25,aachc-cfb-wins-2026-11-28-flst-4pt5wins,cfb,0.0386,1,2026-08-25T14:26:07Z,,,,0.309314,4.166657,0.524,,7
2026-08-25,aachc-cfb-wins-2026-11-28-iowa-8pt5wins,cfb,0.1000,2,2026-08-25T14:26:07Z,,,,0.073125,2.425836,5.136,,
2026-08-25,aachc-cfb-wins-2026-11-28-wvir-4pt5wins,cfb,0.0100,1,2026-08-25T14:26:07Z,,,,0.180377,2.681730,1.499,,
2026-08-25,aachc-cfb-wins-2026-11-28-nw-4pt5wins,cfb,0.0047,1,2026-08-25T14:26:07Z,,,,0.516330,2.693650,1.377,,
2026-08-25,aachc-cfb-wins-2026-11-28-nw-3pt5wins,cfb,0.1372,1,2026-08-25T14:26:07Z,,,,0.526977,2.936745,0.525,,
2026-08-25,aachc-cfb-wins-ou-2026-11-28-uk,cfb,0.0012,2,2026-08-25T14:26:07Z,,,,0.543558,0.179665,0.740,,
2026-08-25,aachc-cfb-wins-2026-11-28-minnst-4pt5wins,cfb,0.1647,1,2026-08-25T14:26:07Z,,,,0.129744,3.180472,0.304,,
2026-08-25,aachc-cfb-wins-2026-11-28-ala-6pt5wins,cfb,0.0528,1,2026-08-25T14:26:07Z,,,,0.041929,3.226367,1.009,,2
2026-08-25,aachc-cfb-wins-2026-11-28-duke-4pt5wins,cfb,0.1291,1,2026-08-25T14:26:07Z,,,,0.212246,2.500024,0.337,,10
2026-08-25,aachc-cfb-wins-2026-11-28-ncar-4pt5wins,cfb,0.0047,1,2026-08-25T14:26:07Z,,,,0.005786,3.024462,0.300,,
2026-08-25,aachc-cfb-wins-2026-11-28-vir-8pt5wins,cfb,0.0236,1,2026-08-25T15:00:50Z,,,,0.047607,2.500020,0.715,,
2026-08-25,aachc-cfb-wins-2026-11-28-syra-6pt5wins,cfb,0.0003,1,2026-08-25T15:00:50Z,,,,0.000119,2.500073,0.068,,
2026-08-25,aachc-cfb-wins-2026-11-28-kanst-10pt5wins,cfb,0.0034,1,2026-08-25T15:00:50Z,,,,0.001361,2.500299,0.070,,
2026-08-25,aachc-cfb-wins-2026-11-28-fl-6pt5wins,cfb,2.4987,1,2026-08-25T15:00:50Z,,,,0.712555,2.457974,1.320,,8
2026-08-25,aachc-cfb-wins-2026-11-28-tenn-7pt5wins,cfb,0.5000,1,2026-08-25T15:00:50Z,,,,0.160532,2.499909,0.362,,
2026-08-25,aachc-cfb-wins-2026-11-28-colst-3pt5wins,cfb,2.5000,1,2026-08-25T15:00:50Z,,,,0.815373,2.057264,0.125,,3
2026-08-25,aachc-cfb-wins-2026-11-28-ncar-2pt5wins,cfb,0.0015,1,2026-08-25T15:00:50Z,,,,0.012703,2.499657,0.074,,
2026-08-25,aachc-cfb-wins-2026-11-28-okst-6pt5wins,cfb,0.0013,1,2026-08-25T15:00:50Z,,,,0.000246,2.500031,0.994,,
2026-08-25,aachc-cfb-wins-2026-11-28-vtech-6pt5wins,cfb,0.8269,2,2026-08-25T15:00:50Z,,,,0.896039,2.500036,1.239,,
2026-08-25,aachc-cfb-wins-ou-2026-11-28-usc,cfb,0.0016,1,2026-08-25T15:00:50Z,,,,0.596302,0.164455,0.112,,
2026-08-25,aachc-cfb-wins-ou-2026-11-28-utah,cfb,0.0008,1,2026-08-25T15:00:50Z,,,,0.793995,0.164475,0.543,,
2026-08-25,aachc-cfb-wins-2026-11-28-minnst-5pt5wins,cfb,0.0000,1,2026-08-25T15:00:50Z,,,,0.286890,2.500051,3.407,,
2026-08-25,ewc-usp-party-2028-11-07-dem,politics,0.0000,1,2026-08-25T15:47:07Z,,,,0.086957,48.798928,6.834,,10
2026-08-25,ewc-usp-party-2028-11-07-rep,politics,0.0023,1,2026-08-25T15:47:07Z,,,,0.114868,48.770147,6.672,,7
2026-08-25,enwc-uspres-nom-dem-2028-andbes,politics,0.0000,1,2026-08-25T15:59:38Z,,,,0.854317,5.707678,5.740,,7
2026-08-25,usgubewc-usgub-ne-2026-11-03-dem,politics,0.1611,1,2026-08-25T15:59:38Z,,,,0.407488,6.007948,9.060,,
2026-08-25,ussewc-usse-al-2026-11-03-rep,politics,2.4038,1,2026-08-25T15:59:38Z,,,,0.254313,6.060892,8.732,,3
2026-08-25,usgubewc-usgub-il-2026-11-03-dem,politics,1.5393,1,2026-08-25T15:59:38Z,,,,0.309918,6.071726,9.599,,6
2026-08-25,scc-hrep-rep-2026-11-03-gte235,politics,4.1667,1,2026-08-25T15:59:38Z,,,,0.051983,4.079906,6.921,,8
2026-08-25,usgubewc-usgub-nh-2026-11-03-dem,politics,0.0005,1,2026-08-25T15:59:38Z,,,,0.340800,5.887572,2.814,,17
2026-08-25,usgubewc-usgub-mn-2026-11-03-dem,politics,0.1524,1,2026-08-25T15:59:38Z,,,,0.427052,5.623516,1.249,,11
2026-08-25,usgubewc-usgub-hi-2026-11-03-dem,politics,0.1601,1,2026-08-25T15:59:38Z,,,,0.223114,5.957142,6.830,,4
2026-08-25,ewc-usse-me-2026-11-03-rep,politics,0.0836,1,2026-08-25T15:59:38Z,,,,0.000919,61.861705,0.154,,14
2026-08-25,usgubewc-usgub-or-2026-11-03-rep,politics,0.0305,1,2026-08-25T15:59:38Z,,,,0.384330,6.034917,10.227,,14
2026-08-25,usgubewc-usgub-ct-2026-11-03-rep,politics,0.0002,1,2026-08-25T15:59:38Z,,,,0.038449,5.877640,1.608,,13
2026-08-25,ussewc-usse-sc-2026-11-03-rep,politics,2.9759,1,2026-08-25T15:59:38Z,,,,0.397642,5.886507,3.765,,5
2026-08-25,scc-senate-gop-2026-11-03-50,politics,3.8142,1,2026-08-25T15:59:38Z,,,,0.601138,3.608602,4.472,,11
2026-08-25,ewc-usgub-wi-2026-11-03-rep,politics,0.0000,2,2026-08-25T15:59:38Z,,,,0.954028,4.781048,0.288,,12
2026-08-25,aachc-cfb-wins-2026-11-28-vand-5pt5wins,cfb,0.0000,1,2026-08-25T15:59:38Z,,,,,,,,
2026-08-25,aachc-cfb-wins-2026-11-28-kanst-6pt5wins,cfb,2.4038,1,2026-08-25T15:59:38Z,,,,0.577198,2.453524,3.489,,5
2026-08-25,aachc-cfb-wins-2026-11-28-tcu-6pt5wins,cfb,0.0605,1,2026-08-25T15:59:38Z,,,,0.405094,2.499956,1.045,,
2026-08-25,aachc-cfb-wins-2026-11-28-utah-8pt5wins,cfb,0.0000,1,2026-08-25T15:59:38Z,,,,0.000002,2.497502,0.011,,
2026-08-25,aachc-cfb-wins-2026-11-28-sdst-6pt5wins,cfb,0.0000,1,2026-08-25T15:59:38Z,,,,0.000747,2.496396,0.009,,
2026-08-25,aachc-cfb-wins-2026-11-28-boscol-4pt5wins,cfb,0.0000,2,2026-08-25T15:59:38Z,,,,,,,,6
2026-08-25,aachc-cfb-wins-2026-11-28-lou-10pt5wins,cfb,0.0003,1,2026-08-25T16:09:33Z,,,,0.000154,2.499728,0.089,,
2026-08-25,aachc-cfb-wins-2026-11-28-iowast-4pt5wins,cfb,0.2670,1,2026-08-25T16:09:33Z,,,,0.096826,2.499997,0.043,,3
2026-08-25,aachc-cfb-wins-2026-11-28-okst-8pt5wins,cfb,0.0019,1,2026-08-25T16:09:33Z,,,,0.235600,2.499967,1.048,,
2026-08-25,aachc-cfb-wins-2026-11-28-txam-7pt5wins,cfb,0.0410,1,2026-08-25T16:09:33Z,,,,0.592591,2.499978,1.721,,
2026-08-25,aachc-cfb-wins-2026-11-28-wisc-7pt5wins,cfb,0.0000,1,2026-08-25T16:09:33Z,,,,0.030117,2.497252,0.010,,
2026-08-25,aachc-cfb-wins-2026-11-28-txtech-9pt5wins,cfb,1.0738,1,2026-08-25T16:09:33Z,,,,0.354740,2.499977,0.773,,
2026-08-25,aachc-cfb-wins-2026-11-28-vand-4pt5wins,cfb,0.0677,1,2026-08-25T16:09:33Z,,,,0.077580,2.500023,0.763,,
2026-08-25,enwc-uspres-nom-dem-2028-jossha,politics,0.8378,1,2026-08-25T16:33:57Z,,,,0.275213,5.689234,4.689,,
2026-08-25,usgubewc-usgub-co-2026-11-03-rep,politics,0.1259,1,2026-08-25T16:33:57Z,,,,0.202307,6.141894,3.575,,12
2026-08-25,ussewc-usse-wv-2026-11-03-dem,politics,0.5379,1,2026-08-25T16:33:57Z,,,,0.399315,5.547171,0.698,,6
2026-08-25,ewc-usse-ga-2026-11-03-rep,politics,0.0000,1,2026-08-25T16:33:57Z,,,,0.000864,56.390120,0.164,,3
2026-08-25,ewc-usse-mi-2026-11-03-dem,politics,0.0000,1,2026-08-25T16:33:57Z,,,,0.000010,6.254130,0.006,,11
2026-08-25,aachc-cfb-wins-2026-11-28-boise-8pt5wins,cfb,0.0048,1,2026-08-25T16:33:57Z,,,,0.056734,2.500014,0.334,,8
2026-08-25,aachc-cfb-wins-2026-11-28-minnst-6pt5wins,cfb,0.0718,1,2026-08-25T16:33:57Z,,,,0.028368,2.500079,0.189,,
2026-08-25,aachc-cfb-wins-ou-2026-11-28-colst,cfb,0.0135,1,2026-08-25T16:33:57Z,,,,0.466237,0.164470,0.321,,
2026-08-25,aachc-cfb-wins-ou-2026-11-28-ind,cfb,0.0000,1,2026-08-25T16:33:57Z,,,,0.000542,0.164473,1.046,,
2026-08-25,aachc-cfb-wins-2026-11-28-nebr-8pt5wins,cfb,0.8103,1,2026-08-25T16:33:57Z,,,,0.139325,2.816737,1.521,,
2026-08-25,aachc-cfb-wins-2026-11-28-ill-5pt5wins,cfb,0.0000,1,2026-08-25T16:33:57Z,,,,0.131957,2.422283,1.310,,5
2026-08-25,aachc-cfb-wins-2026-11-28-ohiost-9pt5wins,cfb,0.0000,1,2026-08-25T16:33:57Z,,,,0.276104,2.470344,2.231,,
2026-08-25,aachc-cfb-wins-2026-11-28-ill-9pt5wins,cfb,0.7471,1,2026-08-25T16:33:57Z,,,,0.072209,2.500165,0.217,,
2026-08-25,aachc-cfb-wins-2026-11-28-cah-8pt5wins,cfb,1.5235,1,2026-08-25T16:33:57Z,,,,0.038137,2.500006,0.969,,5
2026-08-25,aachc-cfb-wins-2026-11-28-byu-7pt5wins,cfb,0.8333,1,2026-08-25T16:33:57Z,,,,0.998106,2.499997,2.631,,5
2026-08-25,aachc-cfb-wins-2026-11-28-iowast-2pt5wins,cfb,0.0000,1,2026-08-25T16:33:57Z,,,,,,,,
2026-08-25,ewc-usp-2028-11-07-thomas,politics,0.0000,1,2026-08-25T17:07:53Z,,,,,,,,7
2026-08-25,aachc-cfb-wins-ou-2026-11-28-vtech,cfb,0.0065,1,2026-08-25T17:07:53Z,,,,0.117319,0.164471,1.042,,
2026-08-25,aachc-cfb-wins-ou-2026-11-28-txst,cfb,0.0023,1,2026-08-25T17:07:53Z,,,,0.219934,0.164470,0.562,,
2026-08-25,ewc-usgub-ga-2026-11-03-rep,politics,0.0000,1,2026-08-25T17:27:27Z,,,,,74.999535,0.046,,9
2026-08-25,usgubewc-usgub-fl-2026-11-03-rep,politics,6.2500,1,2026-08-25T18:15:10Z,,,,0.274212,6.127856,4.482,,
2026-08-25,ussewc-usse-il-2026-11-03-dem,politics,2.0830,1,2026-08-25T18:15:10Z,,,,0.253730,6.131037,7.086,,
2026-08-25,ussewc-usse-ok-2026-11-03-dem,politics,0.9844,1,2026-08-25T18:15:10Z,,,,0.244946,6.141653,7.527,,6
2026-08-25,ussewc-usse-fl-2026-11-03-rep,politics,0.2705,1,2026-08-25T18:15:10Z,,,,0.346166,6.099808,6.714,,7
2026-08-25,usgubewc-usgub-ma-2026-11-03-rep,politics,5.0072,1,2026-08-25T18:15:10Z,,,,0.610195,6.163505,9.430,,
2026-08-25,paccc-usse-midterms-2026-11-03-rep,politics,0.0002,1,2026-08-25T18:15:10Z,,,,0.154120,74.999323,0.659,,5
2026-08-25,scc-hrep-rep-2026-11-03-gte195,politics,2.8826,2,2026-08-25T18:15:10Z,,,,1.394036,3.923743,0.503,,8
2026-08-25,ussewc-usse-sc-2026-11-03-dem,politics,9.3688,2,2026-08-25T18:15:10Z,,,,0.541938,6.115849,4.037,,
2026-08-25,ussewc-usse-co-2026-11-03-dem,politics,0.0000,1,2026-08-25T18:15:10Z,,,,0.349501,5.748168,1.079,,
2026-08-25,usgubewc-usgub-il-2026-11-03-rep,politics,6.1262,1,2026-08-25T18:15:10Z,,,,0.530695,6.110177,7.212,,
2026-08-25,ussewc-usse-va-2026-11-03-dem,politics,2.0492,1,2026-08-25T18:15:10Z,,,,0.245899,6.026850,2.428,,
2026-08-25,ussewc-usse-co-2026-11-03-rep,politics,0.6238,1,2026-08-25T18:15:10Z,,,,0.293894,6.153724,6.751,,4
2026-08-25,ussewc-usse-id-2026-11-03-rep,politics,6.2500,1,2026-08-25T18:15:10Z,,,,0.507777,6.140788,4.960,,
2026-08-25,usgubewc-usgub-id-2026-11-03-dem,politics,4.1406,2,2026-08-25T18:15:10Z,,,,0.271097,6.160649,9.434,,
2026-08-25,paccc-usse-midterms-2026-11-03-dem,politics,0.0000,1,2026-08-25T18:15:10Z,,,,1.000040,75.002971,0.172,,17
2026-08-25,usgubewc-usgub-ny-2026-11-03-rep,politics,0.0022,1,2026-08-25T18:15:10Z,,,,0.407284,6.125843,8.122,,
2026-08-25,aachc-cfb-wins-2026-11-28-lou-8pt5wins,cfb,0.4983,1,2026-08-25T18:15:10Z,,,,0.381488,2.500081,0.345,,
2026-08-25,aachc-cfb-wins-2026-11-28-wvir-6pt5wins,cfb,0.0953,1,2026-08-25T18:15:10Z,,,,0.704942,2.500018,1.805,,10
2026-08-25,aachc-cfb-wins-2026-11-28-ark-2pt5wins,cfb,0.5347,1,2026-08-25T18:15:10Z,,,,0.155915,2.500016,2.072,,1
2026-08-25,aachc-cfb-wins-2026-11-28-txtech-11pt5wins,cfb,0.6247,1,2026-08-25T18:15:10Z,,,,0.216525,2.500005,3.035,,
2026-08-25,aachc-cfb-wins-2026-11-28-rutger-3pt5wins,cfb,0.0143,1,2026-08-25T18:15:10Z,,,,0.065688,2.500134,0.351,,
2026-08-25,aachc-cfb-wins-2026-11-28-frest-5pt5wins,cfb,0.4627,1,2026-08-25T18:15:10Z,,,,0.217864,2.443944,2.489,,
2026-08-25,aachc-cfb-wins-2026-11-28-rutger-2pt5wins,cfb,0.2769,1,2026-08-25T18:15:10Z,,,,0.826794,2.499956,0.805,,
2026-08-25,aachc-cfb-wins-2026-11-28-wash-8pt5wins,cfb,0.0158,1,2026-08-25T18:15:10Z,,,,0.511611,2.500034,0.914,,
2026-08-25,aachc-cfb-wins-2026-11-28-wash-6pt5wins,cfb,1.2467,1,2026-08-25T18:15:10Z,,,,0.211082,2.500007,2.486,,7
2026-08-25,aachc-cfb-wins-2026-11-28-ore-11pt5wins,cfb,2.4947,1,2026-08-25T18:15:10Z,,,,0.218454,2.500032,1.242,,
2026-08-25,aachc-cfb-wins-2026-11-28-miss-8pt5wins,cfb,0.2510,1,2026-08-25T18:15:10Z,,,,0.439957,2.499990,2.634,,6
2026-08-25,aachc-cfb-wins-2026-11-28-mia-11pt5wins,cfb,0.0199,1,2026-08-25T18:15:10Z,,,,0.008215,2.500054,0.333,,
2026-08-25,aachc-cfb-wins-2026-11-28-utahst-2pt5wins,cfb,0.0011,1,2026-08-25T18:15:10Z,,,,0.062418,2.500048,0.309,,
2026-08-25,aachc-cfb-wins-2026-11-28-sdst-9pt5wins,cfb,0.0380,1,2026-08-25T18:15:10Z,,,,0.610975,2.500011,1.329,,
2026-08-25,aachc-cfb-wins-2026-11-28-tenn-8pt5wins,cfb,0.0174,1,2026-08-25T18:15:10Z,,,,0.198850,2.499992,1.323,,
2026-08-25,aachc-cfb-wins-2026-11-28-miss-7pt5wins,cfb,0.2593,1,2026-08-25T18:15:10Z,,,,0.137308,2.500031,1.721,,7
2026-08-25,aachc-cfb-wins-2026-11-28-ind-10pt5wins,cfb,1.8110,2,2026-08-25T18:15:10Z,,,,0.884443,2.500029,2.727,,6
2026-08-25,aachc-cfb-wins-2026-11-28-smu-7pt5wins,cfb,2.4999,1,2026-08-25T18:15:10Z,,,,0.748572,2.500006,2.239,,
2026-08-25,aachc-cfb-wins-2026-11-28-txam-6pt5wins,cfb,0.0009,1,2026-08-25T18:15:10Z,,,,0.164966,2.499945,1.264,,
2026-08-25,aachc-cfb-wins-2026-11-28-ala-10pt5wins,cfb,0.0000,1,2026-08-25T18:15:10Z,,,,0.011792,2.500059,1.009,,1
2026-08-25,aachc-cfb-wins-2026-11-28-wash-7pt5wins,cfb,0.0032,1,2026-08-25T18:15:10Z,,,,0.008993,2.500008,0.238,,
2026-08-25,aachc-cfb-wins-2026-11-28-byu-10pt5wins,cfb,0.0000,1,2026-08-25T18:15:10Z,,,,0.027951,2.445344,3.965,,
2026-08-25,aachc-cfb-wins-2026-11-28-vir-9pt5wins,cfb,0.0288,1,2026-08-25T18:15:10Z,,,,0.482738,2.500041,0.969,,
2026-08-25,aachc-cfb-wins-2026-11-28-iowa-9pt5wins,cfb,0.0003,2,2026-08-25T18:15:10Z,,,,0.135599,2.499976,2.902,,
2026-08-25,aachc-cfb-wins-2026-11-28-tenn-9pt5wins,cfb,0.0021,1,2026-08-25T18:15:10Z,,,,0.040254,2.500038,0.942,,
2026-08-25,aachc-cfb-wins-2026-11-28-pitt-7pt5wins,cfb,0.0219,1,2026-08-25T18:15:10Z,,,,0.056608,2.500013,0.210,,
2026-08-25,aachc-cfb-wins-2026-11-28-txst-8pt5wins,cfb,1.4851,3,2026-08-25T18:15:10Z,,,,0.670960,2.474786,2.907,,
2026-08-25,aachc-cfb-wins-2026-11-28-ucf-5pt5wins,cfb,0.4200,2,2026-08-25T18:15:10Z,,,,0.353156,2.500022,1.959,,
2026-08-25,aachc-cfb-wins-2026-11-28-vtech-4pt5wins,cfb,0.0000,1,2026-08-25T18:15:10Z,,,,0.618799,2.499982,0.960,,
2026-08-25,aachc-cfb-wins-2026-11-28-wvir-3pt5wins,cfb,0.0225,1,2026-08-25T18:15:10Z,,,,0.034773,2.499965,0.158,,
2026-08-25,aachc-cfb-wins-ou-2026-11-28-miss,cfb,0.0028,1,2026-08-25T18:15:10Z,,,,0.026943,0.164504,0.147,,
2026-08-25,aachc-cfb-wins-ou-2026-11-28-tenn,cfb,0.0138,1,2026-08-25T18:15:10Z,,,,0.365451,0.164478,0.448,,6
2026-08-25,aachc-cfb-wins-ou-2026-11-28-ncst,cfb,0.1483,1,2026-08-25T18:15:10Z,,,,0.161489,0.164472,1.102,,
2026-08-25,aachc-cfb-wins-ou-2026-11-28-bayl,cfb,0.0078,1,2026-08-25T18:15:10Z,,,,0.133889,0.164470,0.158,,
2026-08-25,aachc-cfb-wins-ou-2026-11-28-ala,cfb,0.0128,1,2026-08-25T18:15:10Z,,,,0.553054,0.164481,0.432,,
2026-08-25,aachc-cfb-wins-ou-2026-11-28-hou,cfb,0.1039,1,2026-08-25T18:15:10Z,,,,0.631753,0.164481,0.072,,
2026-08-25,enwc-uspres-nom-dem-2028-aleocc,politics,0.0001,1,2026-08-25T21:54:20Z,,,,0.000005,5.747417,1.046,,7
2026-08-25,enwc-uspres-nom-dem-2028-markel,politics,3.1513,1,2026-08-25T21:54:20Z,,,,0.067681,5.817379,6.759,,
2026-08-25,enwc-uspres-nom-rep-2028-jdvan,politics,1.7857,1,2026-08-25T21:54:20Z,,,,0.319287,7.075246,5.355,,
2026-08-25,usgubewc-usgub-ok-2026-11-03-dem,politics,1.5394,1,2026-08-25T21:54:20Z,,,,0.416248,5.963125,1.104,,6
2026-08-25,usgubewc-usgub-co-2026-11-03-dem,politics,0.1210,1,2026-08-25T21:54:20Z,,,,0.268230,6.171679,5.959,,4
2026-08-25,ussewc-usse-nm-2026-11-03-rep,politics,6.2498,1,2026-08-25T21:54:20Z,,,,0.585521,6.181068,6.770,,
2026-08-25,ussewc-usse-ar-2026-11-03-dem,politics,6.2500,1,2026-08-25T21:54:20Z,,,,0.376035,6.178035,6.484,,
2026-08-25,scc-hrep-rep-2026-11-03-gte210,politics,0.0037,1,2026-08-25T21:54:20Z,,,,0.951129,4.142070,4.060,,7
2026-08-25,ewc-usp-2028-11-07-marrub,politics,2.8886,1,2026-08-25T21:54:20Z,,,,0.443610,3.703803,0.458,,7
2026-08-25,scc-senate-gop-2026-11-03-47,politics,0.2177,1,2026-08-25T21:54:20Z,,,,0.050815,3.846081,0.166,,8
2026-08-25,scc-hrep-rep-2026-11-03-gte185,politics,3.2884,1,2026-08-25T21:54:20Z,,,,0.829122,4.166665,0.722,,
2026-08-25,scc-hrep-rep-2026-11-03-gte225,politics,0.0001,1,2026-08-25T21:54:20Z,,,,0.000029,4.166667,0.136,,7
2026-08-25,ussewc-usse-mt-2026-11-03-rep,politics,0.0015,1,2026-08-25T21:54:20Z,,,,0.032534,4.091087,4.117,,8
2026-08-25,scc-hrep-rep-2026-11-03-gte220,politics,2.2176,1,2026-08-25T21:54:20Z,,,,0.131685,4.117547,6.337,,
2026-08-25,usgubewc-usgub-hi-2026-11-03-rep,politics,6.2474,2,2026-08-25T21:54:20Z,,,,0.277980,6.249966,0.692,,
2026-08-25,ussewc-usse-nm-2026-11-03-dem,politics,1.3490,1,2026-08-25T21:54:20Z,,,,0.357209,6.250000,0.122,,5
2026-08-25,ewc-usse-oh-2026-11-03-rep,politics,0.0000,1,2026-08-25T21:54:20Z,,,,,,,,8
2026-08-25,ewc-usgub-oh-2026-11-03-dem,politics,0.0000,1,2026-08-25T21:54:20Z,,,,0.022033,74.122098,6.381,,10
2026-08-25,ewc-usse-tx-2026-11-03-rep,politics,0.0000,1,2026-08-25T21:54:20Z,,,,,,,,10
2026-08-25,ewc-usse-oh-2026-11-03-dem,politics,0.0000,1,2026-08-25T21:54:20Z,,,,,,,,9
2026-08-25,usgubewc-usgub-pa-2026-11-03-dem,politics,5.3379,2,2026-08-25T21:54:20Z,,,,0.044364,6.182018,6.865,,
2026-08-25,aachc-cfb-wins-2026-11-28-mia-8pt5wins,cfb,0.0001,1,2026-08-25T21:54:20Z,,,,0.355805,2.499947,0.566,,5
2026-08-25,aachc-cfb-wins-2026-11-28-lsu-7pt5wins,cfb,0.8323,1,2026-08-25T21:54:20Z,,,,0.750626,2.499980,1.654,,
2026-08-25,aachc-cfb-wins-2026-11-28-clmsn-5pt5wins,cfb,0.0220,1,2026-08-25T21:54:20Z,,,,0.245960,2.499875,0.236,,5
2026-08-25,aachc-cfb-wins-2026-11-28-frest-7pt5wins,cfb,0.0409,1,2026-08-25T21:54:20Z,,,,0.196877,2.500011,0.882,,6
2026-08-25,aachc-cfb-wins-2026-11-28-kan-7pt5wins,cfb,0.0003,1,2026-08-25T21:54:20Z,,,,0.031451,2.499897,0.281,,6
2026-08-25,aachc-cfb-wins-2026-11-28-tx-8pt5wins,cfb,0.0138,1,2026-08-25T21:54:20Z,,,,0.212421,2.499945,1.211,,10
2026-08-25,aachc-cfb-wins-2026-11-28-mia-10pt5wins,cfb,0.0025,1,2026-08-25T21:54:20Z,,,,0.247184,2.499966,0.628,,
2026-08-25,aachc-cfb-wins-2026-11-28-utah-10pt5wins,cfb,0.0162,1,2026-08-25T21:54:20Z,,,,0.001085,2.500032,1.143,,8
2026-08-25,aachc-cfb-wins-2026-11-28-ill-7pt5wins,cfb,0.0045,1,2026-08-25T21:54:20Z,,,,0.001849,2.500278,0.053,,7
2026-08-25,aachc-cfb-wins-2026-11-28-aubrn-8pt5wins,cfb,0.0301,1,2026-08-25T21:54:20Z,,,,0.009744,2.498949,0.033,,7
2026-08-25,aachc-cfb-wins-2026-11-28-usc-7pt5wins,cfb,0.0000,1,2026-08-25T21:54:20Z,,,,0.032049,2.499945,0.930,,6
2026-08-25,aachc-cfb-wins-2026-11-28-iowast-3pt5wins,cfb,0.1384,2,2026-08-25T22:54:21Z,,,,0.224258,2.500000,0.365,,5
2026-08-25,aachc-cfb-wins-2026-11-28-nw-5pt5wins,cfb,0.0301,1,2026-08-25T22:54:21Z,,,,0.014456,2.499898,0.468,,
2026-08-25,aachc-cfb-wins-2026-11-28-ucla-5pt5wins,cfb,0.2003,1,2026-08-25T22:54:21Z,,,,0.159101,2.500037,0.541,,
2026-08-25,aachc-cfb-wins-ou-2026-11-28-sdst,cfb,0.0030,1,2026-08-25T22:54:21Z,,,,0.200229,0.164473,1.010,,
2026-08-24,enwc-uspres-nom-rep-2028-tuccar,politics,0.0449,1,2026-08-24T16:24:32Z,,,,0.005228,7.035336,2.029,,
2026-08-24,ewc-usp-2028-11-07-vivram,politics,0.0000,2,2026-08-24T16:24:32Z,,,,,,,,
2026-08-24,ewc-usp-2028-11-07-aleocc,politics,0.0000,2,2026-08-24T16:24:32Z,,,,0.000004,3.703704,0.021,,
2026-08-24,ewc-usp-2028-11-07-wesmoo,politics,0.0006,1,2026-08-24T16:24:32Z,,,,0.000148,3.647952,2.029,,
2026-08-24,ewc-usp-2028-11-07-jamtal,politics,0.0028,2,2026-08-24T16:24:32Z,,,,0.000712,3.647952,2.029,,
2026-08-24,ewc-usp-2028-11-07-jbpri,politics,0.0035,1,2026-08-24T16:24:32Z,,,,0.000915,3.647952,2.029,,
2026-08-24,vmc-ussep-mov-ma-dem-2026-09-01-mou0-5,politics,0.0072,1,2026-08-24T16:24:32Z,,,,0.007653,1.118424,1.935,,
2026-08-24,ussewc-usse-ms-2026-11-03-dem,politics,0.0000,3,2026-08-24T16:24:32Z,,,,0.418609,6.155919,2.029,,
2026-08-24,enwc-uspres-nom-dem-2028-jamtal,politics,0.3755,2,2026-08-24T16:24:32Z,,,,0.127165,5.793806,2.029,,
2026-08-24,enwc-uspres-nom-dem-2028-kamhar,politics,0.0588,2,2026-08-24T16:24:32Z,,,,0.011571,5.793806,2.029,,
2026-08-24,scc-senate-gop-2026-11-03-gte57,politics,0.0033,3,2026-08-24T16:24:32Z,,,,0.001091,3.781567,1.819,,
2026-08-24,scc-senate-gop-2026-11-03-46,politics,0.0039,1,2026-08-24T16:24:32Z,,,,0.000820,3.788258,2.029,,
2026-08-24,ussewc-usse-ks-2026-11-03-rep,politics,2.9544,1,2026-08-24T16:24:32Z,,,,0.409580,6.155919,2.029,,
2026-08-24,scc-senate-gop-2026-11-03-51,politics,0.0043,1,2026-08-24T16:24:32Z,,,,0.003985,3.788258,2.029,,
2026-08-24,ewc-usp-2028-11-07-gavnew,politics,0.0003,2,2026-08-24T16:24:32Z,,,,0.000082,3.646522,1.978,,
2026-08-24,vmc-usgubp-mov-ok-rep-2026-08-25-maz20-25,politics,0.8928,2,2026-08-24T16:24:32Z,,,,0.941515,0.892857,1.073,,
2026-08-24,enwc-uspres-nom-dem-2028-stasmi,politics,0.0179,1,2026-08-24T16:24:32Z,,,,0.003273,5.793806,2.029,,
2026-08-24,ewc-usp-2028-11-07-dontru,politics,0.0033,1,2026-08-24T16:24:32Z,,,,0.000883,3.647430,2.010,,
2026-08-24,ewc-usp-2028-11-07-kamhar,politics,0.0043,1,2026-08-24T16:24:32Z,,,,0.001138,3.646663,1.983,,
2026-08-24,ewc-usp-2028-11-07-micoba,politics,0.0014,1,2026-08-24T16:24:32Z,,,,0.000385,3.647952,2.029,,
2026-08-24,ewc-usp-2028-11-07-rokha,politics,0.0023,1,2026-08-24T16:24:32Z,,,,0.000600,3.646663,1.983,,
2026-08-24,ewc-usse-tx-2026-11-03-dem,politics,0.0000,1,2026-08-24T16:24:32Z,,,,,55.455812,0.117,,
2026-08-24,ewc-usp-2028-11-07-rahema,politics,0.0006,1,2026-08-24T16:24:32Z,,,,0.000166,3.647952,2.029,,
2026-08-24,ussewc-usse-ar-2026-11-03-rep,politics,0.0040,2,2026-08-24T16:24:32Z,,,,0.124600,6.155919,2.029,,
2026-08-24,usgubewc-usgub-md-2026-11-03-rep,politics,0.0000,3,2026-08-24T16:24:32Z,,,,,6.155368,2.017,,
2026-08-24,usgubewc-usgub-nh-2026-11-03-rep,politics,0.0034,1,2026-08-24T16:24:32Z,,,,0.002481,6.134702,1.655,,
2026-08-24,ussewc-usse-ky-2026-11-03-rep,politics,0.7375,10,2026-08-24T16:24:32Z,,,,0.150848,6.121970,1.491,,
2026-08-24,enwc-uspres-nom-rep-2028-elomus,politics,0.0000,10,2026-08-24T16:24:32Z,,,,,7.031256,1.955,,
2026-08-24,enwc-usgubp-ri-2026-09-09-rep-elapel,politics,0.0006,6,2026-08-24T16:24:32Z,,,,0.091054,4.102184,1.973,,
2026-08-24,ewc-usp-2028-11-07-tulgab,politics,0.0039,1,2026-08-24T16:24:32Z,,,,0.001018,3.646315,1.971,,
2026-08-24,usgubewc-usgub-vt-2026-11-03-dem,politics,0.0023,1,2026-08-24T16:24:32Z,,,,0.001366,6.155919,2.029,,
2026-08-24,usgubewc-usgub-tx-2026-11-03-dem,politics,0.0000,1,2026-08-24T16:24:32Z,,,,0.014397,6.151383,1.935,,
2026-08-24,ewc-usp-2028-11-07-jossha,politics,0.0018,1,2026-08-24T16:24:32Z,,,,0.000476,3.645164,1.932,,
2026-08-24,vmc-ussep-mov-ma-dem-2026-09-01-margte40,politics,0.0094,2,2026-08-24T16:24:32Z,,,,0.008963,1.108582,1.249,,
2026-08-24,usgubewc-usgub-il-2026-11-03-dem,politics,0.0028,1,2026-08-24T16:24:32Z,,,,,,,,
2026-08-24,usgubewc-usgub-ct-2026-11-03-rep,politics,2.3359,1,2026-08-24T16:24:32Z,,,,0.570213,6.151083,1.930,,
2026-08-24,vmc-ussep-mov-ma-dem-2026-09-01-mar20-25,politics,0.0294,1,2026-08-24T16:24:32Z,,,,0.025051,1.100232,0.960,,
2026-08-24,ussewc-usse-ma-2026-11-03-dem,politics,1.2255,1,2026-08-24T16:24:32Z,,,,0.229131,6.143642,1.795,,
2026-08-24,enwc-uspres-nom-dem-2028-petbut,politics,1.9832,1,2026-08-24T16:24:32Z,,,,0.360966,5.777207,1.709,,
2026-08-24,usgubewc-usgub-ri-2026-11-03-kenblo,politics,0.4476,1,2026-08-24T16:24:32Z,,,,0.059040,4.103946,2.029,,
2026-08-24,ussewc-usse-ks-2026-11-03-dem,politics,5.6602,1,2026-08-24T16:24:32Z,,,,0.822661,6.155919,2.029,,
2026-08-24,ussewc-usse-la-2026-11-03-rep,politics,2.7655,1,2026-08-24T16:24:32Z,,,,0.435817,6.155919,2.029,,
2026-08-24,usgubewc-usgub-md-2026-11-03-dem,politics,0.0016,1,2026-08-24T16:24:32Z,,,,0.001201,6.250000,1.871,,
2026-08-24,usgubewc-usgub-vt-2026-11-03-rep,politics,2.6859,1,2026-08-24T16:24:32Z,,,,0.418856,6.155919,2.029,,
2026-08-24,vmc-usgubp-mov-ok-rep-2026-08-25-maz25-30,politics,0.4039,1,2026-08-24T16:24:32Z,,,,0.370314,0.868725,1.130,,
2026-08-24,enwc-uspres-nom-dem-2028-jbpri,politics,0.5627,1,2026-08-24T16:24:32Z,,,,0.123725,5.787928,1.903,,
2026-08-24,ussewc-usse-mt-2026-11-03-setbod,politics,0.0325,1,2026-08-24T16:24:32Z,,,,0.007225,4.166667,1.783,,
2026-08-24,ussewc-usse-sc-2026-11-03-rep,politics,3.8226,1,2026-08-24T16:24:32Z,,,,0.609456,6.128641,1.573,,
2026-08-24,vmc-usgubp-mov-ok-rep-2026-08-25-mazgte30,politics,0.2521,1,2026-08-24T16:24:32Z,,,,0.328226,0.869151,1.150,,
2026-08-24,paccc-usse-midterms-2026-11-03-dem,politics,0.0000,1,2026-08-24T16:24:32Z,,,,,,,,
2026-08-24,vmc-usgubp-mov-ok-rep-2026-08-25-maz15-20,politics,0.8641,1,2026-08-24T16:24:32Z,,,,0.902202,0.869186,1.152,,
2026-08-24,enwc-uspres-nom-rep-2028-tulgab,politics,0.0000,1,2026-08-24T16:24:32Z,,,,,,,,
2026-08-24,enwc-ussep-nh-2026-09-08-dem-chrpap,politics,0.0001,1,2026-08-24T16:24:32Z,,,,0.325268,6.154777,2.004,,
2026-08-24,ewc-usp-2028-11-07-dontrujr,politics,0.0000,2,2026-08-24T16:24:32Z,,,,,,,,
2026-08-24,enwc-ussep-nh-2026-09-08-dem-karman,politics,0.0084,1,2026-08-24T16:24:32Z,,,,,,,,
2026-08-24,enwc-ussep-ma-2026-09-01-dem-edmark,politics,0.0000,2,2026-08-24T16:24:32Z,,,,0.000048,6.029876,0.867,,
2026-08-24,vmc-ussep-mov-ma-dem-2026-09-01-mar35-40,politics,0.1434,1,2026-08-24T16:24:32Z,,,,0.091793,1.111730,1.409,,
2026-08-24,ewc-usp-2028-11-07-jonoss,politics,0.0124,1,2026-08-24T16:24:32Z,,,,0.003361,3.646522,1.978,,
2026-08-24,enwc-uspres-nom-rep-2028-marrub,politics,0.0000,1,2026-08-24T16:24:32Z,,,,,7.142857,1.653,,
2026-08-24,usgubewc-usgub-tn-2026-11-03-dem,politics,0.0012,1,2026-08-24T16:24:32Z,,,,0.018613,6.155919,2.029,,
2026-08-24,usgovcc-demvrep-2026-11-03-rep,politics,0.0000,1,2026-08-24T16:24:32Z,,,,0.000001,16.409062,1.976,,
2026-08-24,usgovcc-26mid-rep-2026-11-03-20-21,politics,0.0005,1,2026-08-24T16:24:32Z,,,,0.021412,6.250000,1.654,,
2026-08-24,usgubewc-usgub-me-2026-11-03-dem,politics,0.0004,1,2026-08-24T16:24:32Z,,,,0.000223,6.151934,1.946,,
2026-08-24,usgovcc-demvrep-2026-11-03-dem,politics,0.0000,1,2026-08-24T16:24:32Z,,,,,16.666667,1.756,,
2026-08-24,ussewc-usse-tn-2026-11-03-dem,politics,0.0302,1,2026-08-24T16:24:32Z,,,,0.005066,6.145850,1.833,,
2026-08-24,scc-hrep-rep-2026-11-03-gte230,politics,0.0023,6,2026-08-24T16:24:32Z,,,,0.090052,4.077578,1.428,,
2026-08-24,usgubewc-usgub-fl-2026-11-03-dem,politics,0.0000,1,2026-08-24T16:24:32Z,,,,,6.153194,1.972,,
2026-08-24,usgubewc-usgub-ri-2026-11-03-dem,politics,0.0002,1,2026-08-24T16:24:32Z,,,,0.000229,3.962380,0.623,,
2026-08-24,usgubewc-usgub-or-2026-11-03-dem,politics,0.0178,1,2026-08-24T16:24:32Z,,,,0.658356,6.117652,1.442,,
2026-08-24,enwc-usgubp-ri-2026-09-09-dem-danmck,politics,0.0001,1,2026-08-24T16:24:32Z,,,,0.000021,4.099750,1.902,,
2026-08-24,ussewc-usse-il-2026-11-03-rep,politics,0.0086,2,2026-08-24T16:24:32Z,,,,0.002019,6.155919,2.029,,
2026-08-24,scc-hrep-rep-2026-11-03-gte205,politics,1.7467,1,2026-08-24T16:24:32Z,,,,0.917125,4.096320,1.809,,
2026-08-24,enwc-uspres-nom-dem-2028-rahema,politics,0.0002,1,2026-08-24T16:24:32Z,,,,0.000041,5.793292,2.017,,
2026-08-24,enwc-uspres-nom-dem-2028-wesmoo,politics,0.0000,1,2026-08-24T16:24:32Z,,,,0.000006,5.791580,1.979,,
2026-08-24,ussewc-usse-nj-2026-11-03-dem,politics,1.2967,1,2026-08-24T16:24:32Z,,,,0.147379,6.250000,1.894,,
2026-08-24,usgubewc-usgub-ma-2026-11-03-dem,politics,0.0000,1,2026-08-24T16:24:32Z,,,,0.007465,6.250000,1.626,,
2026-08-24,ussewc-usse-ri-2026-11-03-dem,politics,2.7778,1,2026-08-24T16:24:32Z,,,,0.444442,6.250000,1.238,,
2026-08-24,ussewc-usse-ok-2026-11-03-rep,politics,0.4367,1,2026-08-24T16:24:32Z,,,,0.187753,6.149286,1.895,,
2026-08-24,ewc-usp-2028-11-07-dwajoh,politics,0.0031,1,2026-08-24T16:24:32Z,,,,0.002676,3.647952,2.029,,
2026-08-24,enwc-usgubp-ri-2026-09-09-dem-helfou,politics,0.0003,1,2026-08-24T16:24:32Z,,,,0.000071,4.093387,1.736,,
2026-08-24,ussewc-usse-sd-2026-11-03-briben,politics,0.0030,1,2026-08-24T16:24:32Z,,,,0.027658,6.155919,2.029,,
2026-08-24,ewc-usp-2028-11-07-markel,politics,0.0008,1,2026-08-24T16:24:32Z,,,,0.000215,3.643662,1.884,,
2026-08-24,ussewc-usse-id-2026-11-03-todach,politics,0.4713,1,2026-08-24T16:24:32Z,,,,0.362456,6.155919,2.029,,
2026-08-24,scc-senate-gop-2026-11-03-52,politics,1.4224,1,2026-08-24T16:24:32Z,,,,0.173524,3.788258,2.029,,
2026-08-24,usgubewc-usgub-tn-2026-11-03-rep,politics,6.1880,1,2026-08-24T16:24:32Z,,,,0.990073,6.250000,1.259,,
2026-08-24,ussewc-usse-wv-2026-11-03-rep,politics,0.2084,1,2026-08-24T16:24:32Z,,,,,,,,
2026-08-24,enwc-ussep-de-2026-09-15-rep-mickat,politics,2.7533,1,2026-08-24T16:24:32Z,,,,0.432483,6.146571,1.845,,
2026-08-24,ussewc-usse-sd-2026-11-03-rep,politics,0.4386,1,2026-08-24T16:24:32Z,,,,0.090115,6.149070,1.891,,
2026-08-24,vmc-ussep-mov-ma-dem-2026-09-01-mar10-15,politics,0.0081,1,2026-08-24T16:24:32Z,,,,0.008550,1.136364,1.383,,
2026-08-24,vmc-ussep-mov-ma-dem-2026-09-01-mar0-5,politics,0.0041,1,2026-08-24T16:24:32Z,,,,0.003024,1.107932,1.221,,
2026-08-24,usgubewc-usgub-ne-2026-11-03-dem,politics,0.0000,1,2026-08-24T16:24:32Z,,,,0.003698,6.150302,1.915,,
2026-08-24,ussewc-usse-la-2026-11-03-dem,politics,5.0639,1,2026-08-24T16:24:32Z,,,,0.641040,6.155919,2.029,,
2026-08-24,ussewc-usse-ma-2026-11-03-rep,politics,6.2499,1,2026-08-24T16:24:32Z,,,,0.984673,6.154294,1.994,,
2026-08-24,enwc-usgubp-ri-2026-09-09-rep-robrai,politics,0.0491,1,2026-08-24T16:24:32Z,,,,0.100904,4.100884,1.934,,
2026-08-24,aachc-cfb-wins-2026-11-28-ind-7pt5wins,cfb,0.5730,4,2026-08-24T16:24:32Z,,,,0.239776,2.500000,1.739,,
2026-08-24,aachc-cfb-wins-2026-11-28-washst-7pt5wins,cfb,0.0092,3,2026-08-24T16:24:32Z,,,,0.010279,2.500000,0.529,,
2026-08-24,aachc-cfb-wins-2026-11-28-ohiost-8pt5wins,cfb,2.3550,2,2026-08-24T16:24:32Z,,,,0.941446,2.500000,0.541,,
2026-08-24,aachc-cfb-wins-2026-11-28-txtech-7pt5wins,cfb,0.4132,1,2026-08-24T16:24:32Z,,,,0.165492,2.500000,0.486,,
2026-08-24,aachc-cfb-wins-2026-11-28-utah-9pt5wins,cfb,0.0697,1,2026-08-24T16:24:32Z,,,,,,,,
2026-08-24,aachc-cfb-wins-2026-11-28-ohiost-7pt5wins,cfb,0.0000,3,2026-08-24T16:24:32Z,,,,,,,,
2026-08-24,aachc-cfb-wins-2026-11-28-ucla-4pt5wins,cfb,0.0505,3,2026-08-24T16:24:32Z,,,,0.034509,2.500000,0.544,,
2026-08-24,aachc-cfb-wins-2026-11-28-mspst-6pt5wins,cfb,2.4997,1,2026-08-24T16:24:32Z,,,,0.999879,2.500000,0.557,,
2026-08-24,aachc-cfb-wins-2026-11-28-iowa-6pt5wins,cfb,0.0006,1,2026-08-24T16:24:32Z,,,,0.262315,2.500000,0.395,,
2026-08-24,aachc-cfb-wins-2026-11-28-clmsn-6pt5wins,cfb,2.5437,2,2026-08-24T16:24:32Z,,,,1.038335,2.455939,1.733,,
2026-08-24,aachc-cfb-wins-2026-11-28-vand-6pt5wins,cfb,0.2754,2,2026-08-24T16:24:32Z,,,,0.354431,2.500000,0.528,,
2026-08-24,aachc-cfb-wins-2026-11-28-ucf-4pt5wins,cfb,0.0004,1,2026-08-24T16:24:32Z,,,,0.000146,2.500000,0.581,,
2026-08-24,aachc-cfb-wins-2026-11-28-ark-4pt5wins,cfb,0.0000,3,2026-08-24T16:24:32Z,,,,0.000067,2.458020,1.819,,
2026-08-24,aachc-cfb-wins-2026-11-28-mich-9pt5wins,cfb,0.0649,2,2026-08-24T16:24:32Z,,,,0.015684,2.500000,0.523,,
2026-08-24,aachc-cfb-wins-2026-11-28-ucla-7pt5wins,cfb,0.1953,1,2026-08-24T16:24:32Z,,,,0.062099,2.500000,0.519,,
2026-08-24,aachc-cfb-wins-2026-11-28-tcu-9pt5wins,cfb,2.4648,3,2026-08-24T16:24:32Z,,,,0.985333,2.500000,0.538,,
2026-08-24,aachc-cfb-wins-2026-11-28-vand-4pt5wins,cfb,0.0000,1,2026-08-24T16:24:32Z,,,,0.221011,2.500000,0.542,,
2026-08-24,aachc-cfb-wins-2026-11-28-oregst-1pt5wins,cfb,0.3511,2,2026-08-24T16:24:32Z,,,,0.140452,2.500000,0.567,,
2026-08-24,aachc-cfb-wins-2026-11-28-gtech-6pt5wins,cfb,0.0002,1,2026-08-24T16:24:32Z,,,,0.028447,2.462368,2.029,,
2026-08-24,aachc-cfb-wins-2026-11-28-boise-9pt5wins,cfb,2.5000,1,2026-08-24T16:24:32Z,,,,0.984541,2.461389,1.977,,
2026-08-24,aachc-cfb-wins-2026-11-28-ncar-5pt5wins,cfb,2.3013,4,2026-08-24T16:24:32Z,,,,0.786883,2.500000,0.557,,
2026-08-24,aachc-cfb-wins-2026-11-28-wvir-6pt5wins,cfb,0.3120,1,2026-08-24T16:24:32Z,,,,0.170058,2.500000,0.553,,
2026-08-24,aachc-cfb-wins-2026-11-28-minnst-8pt5wins,cfb,1.2598,3,2026-08-24T16:24:32Z,,,,0.100649,2.500000,0.548,,
2026-08-24,aachc-cfb-wins-2026-11-28-nebr-5pt5wins,cfb,0.3225,1,2026-08-24T16:24:32Z,,,,0.129016,2.500000,0.569,,
2026-08-24,aachc-cfb-wins-2026-11-28-ark-2pt5wins,cfb,0.0072,1,2026-08-24T16:24:32Z,,,,,,,,
2026-08-24,aachc-cfb-wins-2026-11-28-nd-11pt5wins,cfb,1.5324,2,2026-08-24T16:24:32Z,,,,0.611140,2.500000,0.523,,
2026-08-24,aachc-cfb-wins-2026-11-28-mspst-4pt5wins,cfb,0.3655,1,2026-08-24T16:24:32Z,,,,0.146298,2.500000,0.503,,
2026-08-24,aachc-cfb-wins-2026-11-28-clmsn-9pt5wins,cfb,2.5000,1,2026-08-24T16:24:32Z,,,,0.984652,2.461631,1.990,,
2026-08-24,aachc-cfb-wins-2026-11-28-vtech-5pt5wins,cfb,0.2857,1,2026-08-24T16:24:32Z,,,,0.114286,2.500000,0.574,,
2026-08-24,aachc-cfb-wins-2026-11-28-ucla-8pt5wins,cfb,0.3277,1,2026-08-24T16:24:32Z,,,,0.112529,2.500000,0.568,,
2026-08-24,aachc-cfb-wins-2026-11-28-vtech-6pt5wins,cfb,0.9571,1,2026-08-24T16:24:32Z,,,,0.382847,2.500000,0.542,,
2026-08-24,aachc-cfb-wins-2026-11-28-pitt-6pt5wins,cfb,1.1961,1,2026-08-24T16:24:32Z,,,,0.478455,2.500000,0.537,,
2026-08-24,aachc-cfb-wins-2026-11-28-lou-10pt5wins,cfb,0.1888,1,2026-08-24T16:24:32Z,,,,,,,,
2026-08-24,aachc-cfb-wins-ou-2026-11-28-frest,cfb,0.0008,1,2026-08-24T16:24:32Z,,,,,,,,
2026-08-24,aachc-cfb-wins-2026-11-28-mst-5pt5wins,cfb,2.4757,1,2026-08-24T16:24:32Z,,,,0.990349,2.500000,0.567,,
2026-08-24,aachc-cfb-wins-2026-11-28-wisc-5pt5wins,cfb,2.4974,3,2026-08-24T16:24:32Z,,,,0.654349,2.500000,0.544,,
2026-08-24,aachc-cfb-wins-2026-11-28-pitt-5pt5wins,cfb,0.0019,1,2026-08-24T16:24:32Z,,,,0.001106,2.500000,0.495,,
2026-08-24,aachc-cfb-wins-2026-11-28-kan-3pt5wins,cfb,0.5102,1,2026-08-24T16:24:32Z,,,,0.204055,2.500000,0.537,,
2026-08-24,aachc-cfb-wins-2026-11-28-lsu-9pt5wins,cfb,1.5646,1,2026-08-24T16:24:32Z,,,,0.595076,2.377163,0.622,,
2026-08-24,aachc-cfb-wins-2026-11-28-wake-5pt5wins,cfb,0.0125,1,2026-08-24T16:24:32Z,,,,0.023875,2.500000,0.574,,
2026-08-24,aachc-cfb-wins-ou-2026-11-28-tcu,cfb,0.0002,1,2026-08-24T16:24:32Z,,,,,,,,
2026-08-24,aachc-cfb-wins-2026-11-28-ucla-5pt5wins,cfb,0.0000,1,2026-08-24T16:24:32Z,,,,,,,,
2026-08-24,aachc-cfb-wins-2026-11-28-ore-9pt5wins,cfb,2.0160,1,2026-08-24T16:24:32Z,,,,0.806417,2.500000,0.536,,
2026-08-24,aachc-cfb-wins-2026-11-28-cah-5pt5wins,cfb,2.4950,1,2026-08-24T16:24:32Z,,,,0.858852,2.462368,2.029,,
2026-08-24,aachc-cfb-wins-2026-11-28-okl-6pt5wins,cfb,1.8077,1,2026-08-24T16:24:32Z,,,,0.999961,2.500000,0.536,,
2026-08-24,aachc-cfb-wins-2026-11-28-pur-2pt5wins,cfb,2.0833,1,2026-08-24T16:24:32Z,,,,,,,,
2026-08-24,aachc-cfb-wins-2026-11-28-sc-5pt5wins,cfb,0.0781,3,2026-08-24T16:24:32Z,,,,0.281390,2.500000,0.555,,
2026-08-24,aachc-cfb-wins-2026-11-28-miss-5pt5wins,cfb,0.3846,1,2026-08-24T16:24:32Z,,,,0.763094,2.500000,0.580,,
2026-08-24,aachc-cfb-wins-ou-2026-11-28-ark,cfb,0.0003,1,2026-08-24T16:24:32Z,,,,,,,,
2026-08-24,aachc-cfb-wins-2026-11-28-iowast-5pt5wins,cfb,0.2775,1,2026-08-24T16:24:32Z,,,,0.279371,2.411612,0.864,,
2026-08-24,aachc-cfb-wins-2026-11-28-oregst-3pt5wins,cfb,1.2124,1,2026-08-24T16:24:32Z,,,,0.484963,2.500000,0.540,,
2026-08-24,aachc-cfb-wins-2026-11-28-utahst-2pt5wins,cfb,0.0855,1,2026-08-24T16:24:32Z,,,,,,,,
2026-08-24,aachc-cfb-wins-2026-11-28-wake-6pt5wins,cfb,0.1053,1,2026-08-24T16:24:32Z,,,,0.066598,2.500000,0.534,,
2026-08-24,aachc-cfb-wins-ou-2026-11-28-flst,cfb,0.0003,1,2026-08-24T16:24:32Z,,,,,,,,
2026-08-24,aachc-cfb-wins-2026-11-28-smu-7pt5wins,cfb,2.2335,1,2026-08-24T16:24:32Z,,,,0.893420,2.500000,0.530,,
2026-08-24,aachc-cfb-wins-2026-11-28-txst-6pt5wins,cfb,0.2131,2,2026-08-24T16:24:32Z,,,,0.085362,2.500000,0.578,,
2026-08-24,aachc-cfb-wins-2026-11-28-utah-8pt5wins,cfb,0.1959,1,2026-08-24T16:24:32Z,,,,,,,,
2026-08-24,aachc-cfb-wins-2026-11-28-mich-8pt5wins,cfb,0.0110,1,2026-08-24T16:24:32Z,,,,0.028869,2.500000,0.542,,
2026-08-24,aachc-cfb-wins-2026-11-28-wash-10pt5wins,cfb,2.4993,1,2026-08-24T16:24:32Z,,,,0.999719,2.500000,0.586,,
2026-08-24,aachc-cfb-wins-2026-11-28-missr-7pt5wins,cfb,0.0009,1,2026-08-24T16:24:32Z,,,,,,,,
2026-08-24,aachc-cfb-wins-2026-11-28-nw-6pt5wins,cfb,0.0027,1,2026-08-24T16:24:32Z,,,,0.003796,2.500000,0.568,,
2026-08-24,aachc-cfb-wins-2026-11-28-pennst-9pt5wins,cfb,0.9522,1,2026-08-24T16:24:32Z,,,,0.380883,2.500000,0.498,,
2026-08-24,aachc-cfb-wins-2026-11-28-ill-8pt5wins,cfb,0.0039,1,2026-08-24T16:24:32Z,,,,0.013347,2.460628,1.939,,
2026-08-24,aachc-cfb-wins-2026-11-28-ill-6pt5wins,cfb,2.4272,2,2026-08-24T16:24:32Z,,,,0.956003,2.461646,1.991,,
2026-08-24,aachc-cfb-wins-2026-11-28-ucf-7pt5wins,cfb,1.2386,2,2026-08-24T16:24:32Z,,,,0.495463,2.500000,0.523,,
2026-08-24,aachc-cfb-wins-2026-11-28-sdst-5pt5wins,cfb,0.0000,1,2026-08-24T16:24:32Z,,,,,,,,
2026-08-24,aachc-cfb-wins-2026-11-28-fl-7pt5wins,cfb,0.0023,1,2026-08-24T16:24:32Z,,,,0.013850,2.459028,1.863,,
2026-08-24,aachc-cfb-wins-2026-11-28-hou-6pt5wins,cfb,1.3986,1,2026-08-24T16:24:32Z,,,,0.551019,2.462368,2.029,,
2026-08-24,aachc-cfb-wins-2026-11-28-usc-6pt5wins,cfb,0.1208,2,2026-08-24T16:24:32Z,,,,0.208095,2.500000,0.594,,
2026-08-24,aachc-cfb-wins-ou-2026-11-28-kanst,cfb,0.0003,1,2026-08-24T16:24:32Z,,,,,,,,
2026-08-24,aachc-cfb-wins-ou-2026-11-28-ucla,cfb,0.0004,1,2026-08-24T16:24:32Z,,,,,,,,
2026-08-24,aachc-cfb-wins-ou-2026-11-28-nebr,cfb,0.0000,1,2026-08-24T16:24:32Z,,,,,,,,
2026-08-24,aachc-cfb-wins-2026-11-28-utah-7pt5wins,cfb,1.1915,2,2026-08-24T16:24:32Z,,,,0.045453,2.500000,0.541,,
2026-08-24,aachc-cfb-wins-2026-11-28-hou-7pt5wins,cfb,2.2321,1,2026-08-24T16:24:32Z,,,,0.468121,2.459343,1.878,,
2026-08-24,aachc-cfb-wins-2026-11-28-ncar-4pt5wins,cfb,0.0017,1,2026-08-24T16:24:32Z,,,,,,,,
2026-08-24,aachc-cfb-wins-2026-11-28-wake-4pt5wins,cfb,0.0649,1,2026-08-24T16:24:32Z,,,,0.102207,2.500000,0.567,,
2026-08-24,aachc-cfb-wins-2026-11-28-mia-8pt5wins,cfb,0.0115,1,2026-08-24T16:24:32Z,,,,,,,,
2026-08-24,aachc-cfb-wins-2026-11-28-washst-5pt5wins,cfb,0.1864,1,2026-08-24T16:24:32Z,,,,0.074569,2.500000,0.552,,
2026-08-24,aachc-cfb-wins-2026-11-28-missr-4pt5wins,cfb,1.4279,2,2026-08-24T16:24:32Z,,,,0.278178,2.500000,0.567,,
2026-08-24,aachc-cfb-wins-2026-11-28-wash-6pt5wins,cfb,0.0000,1,2026-08-24T16:24:32Z,,,,,,,,
2026-08-24,aachc-cfb-wins-ou-2026-11-28-mspst,cfb,0.0001,1,2026-08-24T16:24:32Z,,,,,,,,
2026-08-24,aachc-cfb-wins-2026-11-28-txam-7pt5wins,cfb,0.0000,1,2026-08-24T16:24:32Z,,,,,,,,
2026-08-24,aachc-cfb-wins-2026-11-28-lsu-6pt5wins,cfb,2.5000,1,2026-08-24T16:24:32Z,,,,0.999995,2.500000,0.552,,
2026-08-24,aachc-cfb-wins-2026-11-28-miss-9pt5wins,cfb,2.3145,1,2026-08-24T16:24:32Z,,,,0.899667,2.500000,0.555,,
2026-08-24,aachc-cfb-wins-ou-2026-11-28-hou,cfb,0.0000,1,2026-08-24T16:24:32Z,,,,,,,,
2026-08-24,aachc-cfb-wins-ou-2026-11-28-mst,cfb,0.0000,1,2026-08-24T16:24:32Z,,,,,,,,
2026-08-24,aachc-cfb-wins-2026-11-28-mia-9pt5wins,cfb,0.0000,1,2026-08-24T16:24:32Z,,,,,,,,
2026-08-24,aachc-cfb-wins-2026-11-28-sc-4pt5wins,cfb,0.0000,1,2026-08-24T16:24:32Z,,,,,,,,
2026-08-24,aachc-cfb-wins-2026-11-28-stan-1pt5wins,cfb,0.1888,1,2026-08-24T16:24:32Z,,,,,,,,
2026-08-24,aachc-cfb-wins-2026-11-28-smu-8pt5wins,cfb,0.1077,1,2026-08-24T16:24:32Z,,,,0.047027,2.500000,0.560,,
2026-08-24,aachc-cfb-wins-ou-2026-11-28-cin,cfb,0.0000,1,2026-08-24T16:24:32Z,,,,,,,,
2026-08-24,aachc-cfb-wins-2026-11-28-nw-4pt5wins,cfb,0.3324,1,2026-08-24T16:24:32Z,,,,0.132979,2.500000,0.536,,
2026-08-24,aachc-cfb-wins-ou-2026-11-28-tx,cfb,0.0003,1,2026-08-24T16:24:32Z,,,,,,,,
2026-08-24,aachc-cfb-wins-2026-11-28-ncar-6pt5wins,cfb,0.0050,1,2026-08-24T16:24:32Z,,,,0.166958,2.500000,0.557,,
2026-08-24,aachc-cfb-wins-2026-11-28-gtech-7pt5wins,cfb,0.0007,1,2026-08-24T16:24:32Z,,,,,,,,
2026-08-24,aachc-cfb-wins-ou-2026-11-28-arz,cfb,0.0017,1,2026-08-24T16:24:32Z,,,,0.010050,0.164474,0.529,,
2026-08-24,aachc-cfb-wins-2026-11-28-ala-8pt5wins,cfb,0.0241,1,2026-08-24T16:24:32Z,,,,,,,,
2026-08-24,aachc-cfb-wins-2026-11-28-pur-3pt5wins,cfb,0.0000,1,2026-08-24T16:24:32Z,,,,,,,,
2026-08-24,aachc-cfb-wins-2026-11-28-col-2pt5wins,cfb,0.0003,1,2026-08-24T16:24:32Z,,,,0.016892,2.422751,0.988,,
2026-08-24,aachc-cfb-wins-2026-11-28-minnst-7pt5wins,cfb,0.1757,1,2026-08-24T16:24:32Z,,,,0.070273,2.500000,0.523,,
2026-08-24,aachc-cfb-wins-ou-2026-11-28-kan,cfb,0.0010,1,2026-08-24T16:24:32Z,,,,0.023921,0.164474,0.269,,
2026-08-24,aachc-cfb-wins-ou-2026-11-28-boscol,cfb,0.0000,1,2026-08-24T16:24:32Z,,,,,,,,
2026-08-24,aachc-cfb-wins-ou-2026-11-28-wash,cfb,0.0001,1,2026-08-24T16:24:32Z,,,,,,,,
2026-08-24,aachc-cfb-wins-2026-11-28-rutger-2pt5wins,cfb,1.5588,1,2026-08-24T16:24:32Z,,,,,,,,
2026-08-24,aachc-cfb-wins-ou-2026-11-28-oregst,cfb,0.0003,1,2026-08-24T16:24:32Z,,,,,,,,
2026-08-24,aachc-cfb-wins-ou-2026-11-28-arzst,cfb,0.0004,1,2026-08-24T16:24:32Z,,,,,,,,
2026-08-24,aachc-cfb-wins-2026-11-28-byu-9pt5wins,cfb,1.6667,2,2026-08-24T16:24:32Z,,,,0.352047,2.461117,1.964,,
2026-08-24,aachc-cfb-wins-2026-11-28-okst-5pt5wins,cfb,0.4789,1,2026-08-24T16:24:32Z,,,,,,,,
2026-08-24,aachc-cfb-wins-2026-11-28-pennst-7pt5wins,cfb,0.1736,1,2026-08-24T16:24:32Z,,,,,,,,
2026-08-24,aachc-cfb-wins-2026-11-28-arzst-7pt5wins,cfb,0.0032,1,2026-08-24T16:24:32Z,,,,,,,,
2026-08-24,aachc-cfb-wins-2026-11-28-ohiost-11pt5wins,cfb,0.6053,1,2026-08-24T16:24:32Z,,,,,,,,
2026-08-24,aachc-cfb-wins-ou-2026-11-28-ohiost,cfb,0.0002,1,2026-08-24T16:24:32Z,,,,0.001132,0.164474,0.525,,
2026-08-24,aachc-cfb-wins-ou-2026-11-28-lou,cfb,0.0001,1,2026-08-24T16:24:32Z,,,,,,,,
2026-08-24,aachc-cfb-wins-2026-11-28-gtech-5pt5wins,cfb,0.2778,1,2026-08-24T16:24:32Z,,,,0.512113,2.461799,1.999,,
2026-08-24,aachc-cfb-wins-2026-11-28-tenn-5pt5wins,cfb,0.0241,1,2026-08-24T16:24:32Z,,,,0.121709,2.500000,0.543,,
2026-08-24,aachc-cfb-wins-2026-11-28-missr-8pt5wins,cfb,0.0002,1,2026-08-24T16:24:32Z,,,,,,,,
2026-08-24,tec-nba-westconf-2027-05-29-w-min,nba,0.0024,2,2026-08-24T16:24:32Z,,,,0.000072,33.333333,0.875,,
2026-08-24,tec-nba-champ-2027-06-18-w-chi,nba,0.0002,1,2026-08-24T16:24:32Z,,,,0.000011,16.666667,0.889,,
2026-08-24,tec-nba-champ-2027-06-18-w-nyk,nba,0.0000,1,2026-08-24T16:24:32Z,,,,0.000024,16.666667,0.503,,
2026-08-24,tec-nba-eastconf-2027-05-19-w-mia,nba,0.0058,2,2026-08-24T16:24:32Z,,,,0.000173,33.333333,0.857,,
2026-08-24,tec-nba-westconf-2027-05-29-w-den,nba,0.0154,2,2026-08-24T16:24:32Z,,,,0.000466,33.333333,0.857,,
2026-08-24,tec-nba-mvp-2027-05-17-w-nikjok,nba,0.0000,1,2026-08-24T16:24:32Z,,,,0.000021,15.151515,0.814,,
2026-08-24,tec-nba-champ-2027-06-18-w-uta,nba,0.0669,2,2026-08-24T16:24:32Z,,,,0.003056,16.666667,0.881,,
2026-08-24,tec-nba-mvp-2027-05-17-w-devboo,nba,0.0000,1,2026-08-24T16:24:32Z,,,,,,,,
2026-08-24,tec-nba-mvp-2027-05-17-w-jaljoh,nba,0.0000,1,2026-08-24T16:24:32Z,,,,,,,,
2026-08-24,tec-nba-mvp-2027-05-17-w-kartow,nba,0.0000,1,2026-08-24T16:24:32Z,,,,,,,,
2026-08-24,tec-nba-mvp-2027-05-17-w-vicwem,nba,0.0000,1,2026-08-24T16:24:32Z,,,,,,,,
2026-08-24,tec-nba-mvp-2027-05-17-w-giaant,nba,0.0000,1,2026-08-24T16:24:32Z,,,,0.000048,15.151515,0.628,,
2026-08-24,tec-nba-mvp-2027-05-17-w-jalbru,nba,0.0000,2,2026-08-24T16:24:32Z,,,,0.000186,15.151515,0.788,,
2026-08-24,tec-nba-mvp-2027-05-17-w-jaytat,nba,0.0000,1,2026-08-24T16:24:32Z,,,,0.000052,15.151515,0.649,,
2026-08-24,tec-nba-mvp-2027-05-17-w-scobar,nba,0.0000,1,2026-08-24T16:24:32Z,,,,,,,,
2026-08-24,tec-nba-mvp-2027-05-17-w-coofla,nba,0.0000,1,2026-08-24T16:24:32Z,,,,,,,,
2026-08-24,tec-nba-mvp-2027-05-17-w-alpsen,nba,0.0000,1,2026-08-24T16:24:32Z,,,,,,,,
2026-08-24,tec-nba-champ-2027-06-18-w-orl,nba,0.0036,2,2026-08-24T16:24:32Z,,,,0.000243,16.666667,0.932,,
2026-08-24,tec-nba-champ-2027-06-18-w-lal,nba,0.0205,2,2026-08-24T16:24:32Z,,,,0.001053,16.666667,0.883,,
2026-08-24,tec-nba-eastconf-2027-05-19-w-orl,nba,0.0060,2,2026-08-24T16:24:32Z,,,,0.000321,33.333333,0.883,,
2026-08-24,tec-nba-eastconf-2027-05-19-w-cle,nba,0.0004,2,2026-08-24T16:24:32Z,,,,0.000032,33.333333,0.870,,
2026-08-24,tec-nba-eastconf-2027-05-19-w-bkn,nba,0.0072,2,2026-08-24T16:24:32Z,,,,0.000197,32.358775,1.045,,
2026-08-24,tec-nba-eastconf-2027-05-19-w-tor,nba,0.0040,2,2026-08-24T16:24:32Z,,,,0.000120,33.333333,0.891,,
2026-08-24,tec-nba-champ-2027-06-18-w-mem,nba,0.0044,2,2026-08-24T16:24:32Z,,,,0.000262,16.666667,0.871,,
2026-08-24,tec-nba-champ-2027-06-18-w-atl,nba,0.0025,2,2026-08-24T16:24:32Z,,,,0.000160,16.666667,0.892,,
2026-08-24,tec-nba-champ-2027-06-18-w-ind,nba,0.0000,1,2026-08-24T16:24:32Z,,,,0.000099,16.666667,0.889,,
2026-08-24,tec-nba-champ-2027-06-18-w-sac,nba,0.0000,1,2026-08-24T16:24:32Z,,,,,,,,
2026-08-24,tec-nba-mvp-2027-05-17-w-ziowil,nba,0.0000,1,2026-08-24T16:24:32Z,,,,0.000015,15.151515,0.303,,
2026-08-24,tec-nba-mvp-2027-05-17-w-ausrea,nba,0.0000,1,2026-08-24T16:24:32Z,,,,,,,,
2026-08-24,tec-nba-champ-2027-06-18-w-cha,nba,0.0000,1,2026-08-24T16:24:32Z,,,,,,,,
2026-08-24,tec-nba-mvp-2027-05-17-w-tyrhal,nba,0.0000,1,2026-08-24T16:24:32Z,,,,0.000072,15.151515,0.403,,
2026-08-24,tec-nba-westconf-2027-05-29-w-okc,nba,0.0029,2,2026-08-24T16:24:32Z,,,,0.000114,33.333333,0.889,,
2026-08-24,tec-nba-mvp-2027-05-17-w-donmit,nba,0.0007,1,2026-08-24T16:24:32Z,,,,0.000050,15.151515,0.135,,
2026-08-24,tec-nba-mvp-2027-05-17-w-antdav,nba,0.0006,1,2026-08-24T16:24:32Z,,,,0.000038,15.151515,0.571,,
2026-08-24,tec-nba-mvp-2027-05-17-w-bamade,nba,0.0000,1,2026-08-24T16:24:32Z,,,,,,,,
2026-08-24,tec-nba-champ-2027-06-18-w-mia,nba,0.0002,1,2026-08-24T16:24:32Z,,,,0.000035,16.666667,0.871,,
2026-08-24,tec-nba-champ-2027-06-18-w-den,nba,0.0001,2,2026-08-24T16:24:32Z,,,,0.000004,16.666667,0.887,,
2026-08-24,tec-nba-champ-2027-06-18-w-pho,nba,0.0000,1,2026-08-24T16:24:32Z,,,,0.001555,16.666667,0.421,,
2026-08-24,tec-nba-mvp-2027-05-17-w-lebjam,nba,0.0001,2,2026-08-24T16:24:32Z,,,,0.000170,15.151515,0.857,,
2026-08-24,tec-nba-champ-2027-06-18-w-hou,nba,0.0126,2,2026-08-24T16:24:32Z,,,,0.000684,16.666667,0.870,,
2026-08-24,tec-nba-eastconf-2027-05-19-w-mil,nba,0.0053,2,2026-08-24T16:24:32Z,,,,0.000150,33.333333,0.857,,
2026-08-24,tec-nba-mvp-2027-05-17-w-kawleo,nba,0.0027,1,2026-08-24T16:24:32Z,,,,0.000361,15.151515,0.447,,
2026-08-24,tec-nba-mvp-2027-05-17-w-kevdur,nba,0.0003,1,2026-08-24T16:24:32Z,,,,0.000023,15.151515,0.135,,
2026-08-24,tec-nba-champ-2027-06-18-w-cle,nba,0.0000,1,2026-08-24T16:24:32Z,,,,0.000164,15.956537,0.717,,
2026-08-24,tec-nba-champ-2027-06-18-w-tor,nba,0.0000,1,2026-08-24T16:24:32Z,,,,0.000082,16.666667,0.613,,
2026-08-24,tec-nba-mvp-2027-05-17-w-joeemb,nba,0.0008,2,2026-08-24T16:24:32Z,,,,0.000076,15.151515,0.857,,
2026-08-24,tec-nba-champ-2027-06-18-w-gsw,nba,0.0000,1,2026-08-24T16:24:32Z,,,,0.000062,16.041537,0.814,,
2026-08-24,tec-nba-champ-2027-06-18-w-phi,nba,0.0012,2,2026-08-24T16:24:32Z,,,,0.000064,16.666667,0.936,,
2026-08-24,tec-nba-champ-2027-06-18-w-min,nba,0.0042,2,2026-08-24T16:24:32Z,,,,0.000202,16.666667,0.887,,
2026-08-24,tec-nba-westconf-2027-05-29-w-lal,nba,0.0056,2,2026-08-24T16:24:32Z,,,,0.000165,33.333333,0.892,,
2026-08-24,tec-nba-mvp-2027-05-17-w-paoban,nba,0.0001,1,2026-08-24T16:24:32Z,,,,0.000168,15.151515,1.042,,
2026-08-24,tec-nba-mvp-2027-05-17-w-denavd,nba,0.0000,1,2026-08-24T16:24:32Z,,,,0.000274,15.151515,0.796,,
2026-08-24,tec-nba-mvp-2027-05-17-w-shagil,nba,0.0000,1,2026-08-24T16:24:32Z,,,,0.000089,15.151515,0.649,,
2026-08-24,tec-nba-champ-2027-06-18-w-mil,nba,0.0015,1,2026-08-24T16:24:32Z,,,,0.000091,16.666667,0.044,,
2026-08-24,tec-nba-champ-2027-06-18-w-lac,nba,0.0059,2,2026-08-24T16:24:32Z,,,,0.000356,16.666667,0.990,,
2026-08-24,tec-nba-westconf-2027-05-29-w-pho,nba,0.0091,2,2026-08-24T16:24:32Z,,,,0.000274,33.333333,0.879,,
2026-08-24,tec-nba-champ-2027-06-18-w-dal,nba,0.0000,1,2026-08-24T16:24:32Z,,,,0.001732,16.666667,0.476,,
2026-08-24,tec-nba-champ-2027-06-18-w-sas,nba,0.0002,2,2026-08-24T16:24:32Z,,,,0.000021,16.666667,0.883,,
2026-08-24,tec-nba-mvp-2027-05-17-w-evamob,nba,0.0272,2,2026-08-24T16:24:32Z,,,,0.001724,14.697135,1.018,,
2026-08-24,tec-nba-mvp-2027-05-17-w-tyrmax,nba,0.0001,1,2026-08-24T16:24:32Z,,,,0.000174,15.151515,0.877,,
2026-08-24,tec-nba-mvp-2027-05-17-w-lambal,nba,0.0506,2,2026-08-24T16:24:32Z,,,,0.003518,15.151515,1.061,,
2026-08-24,tec-nba-mvp-2027-05-17-w-cadcun,nba,0.0000,1,2026-08-24T16:24:32Z,,,,0.000165,15.151515,0.792,,
2026-08-24,tec-nba-mvp-2027-05-17-w-antedw,nba,0.0006,1,2026-08-24T16:24:32Z,,,,0.000094,15.151515,0.907,,
2026-08-24,tec-nba-champ-2027-06-18-w-det,nba,0.0144,2,2026-08-24T16:24:32Z,,,,0.000781,16.666667,0.927,,
2026-08-24,tec-nba-westconf-2027-05-29-w-hou,nba,0.0079,2,2026-08-24T16:24:32Z,,,,0.000208,33.333333,1.058,,
2026-08-24,tec-nba-champ-2027-06-18-w-was,nba,0.0010,2,2026-08-24T16:24:32Z,,,,0.000079,16.666667,0.899,,
2026-08-24,tec-nba-mvp-2027-05-17-w-lukdon,nba,0.0000,2,2026-08-24T16:24:32Z,,,,,,,,
2026-08-24,ewc-usp-2028-11-07-petbut,politics,0.0001,1,2026-08-24T17:24:57Z,,,,0.008096,3.646663,1.983,,
2026-08-24,usgubewc-usgub-nm-2026-11-03-dem,politics,0.0000,1,2026-08-24T17:24:57Z,,,,0.002965,6.154465,1.998,,
2026-08-24,enwc-uspres-nom-dem-2028-rokha,politics,1.8738,1,2026-08-24T17:24:57Z,,,,0.469174,5.793806,2.029,,
2026-08-24,enwc-uspres-nom-rep-2028-thomas,politics,0.0000,1,2026-08-24T17:24:57Z,,,,,7.032577,1.978,,
2026-08-24,enwc-usgubp-ma-2026-09-01-rep-micmin,politics,0.0000,1,2026-08-24T17:24:57Z,,,,0.982821,6.151307,1.934,,
2026-08-24,usgubewc-usgub-wy-2026-11-03-rep,politics,0.0580,1,2026-08-24T17:24:57Z,,,,0.004118,6.140984,1.751,,
2026-08-24,scc-hrep-rep-2026-11-03-gte215,politics,3.3736,1,2026-08-24T17:24:57Z,,,,0.809665,4.166667,1.638,,
2026-08-24,aachc-cfb-wins-2026-11-28-iowast-6pt5wins,cfb,0.0246,1,2026-08-24T18:24:57Z,,,,0.006759,2.500000,0.538,,
2026-08-24,aachc-cfb-wins-2026-11-28-ala-9pt5wins,cfb,1.6030,2,2026-08-24T18:24:57Z,,,,0.546852,2.459090,1.866,,
2026-08-24,aachc-cfb-wins-2026-11-28-iowa-8pt5wins,cfb,2.2715,2,2026-08-24T18:24:57Z,,,,0.700448,2.500000,0.913,,
2026-08-24,aachc-cfb-wins-2026-11-28-frest-4pt5wins,cfb,0.0000,1,2026-08-24T18:24:57Z,,,,0.000015,2.448062,1.470,,
2026-08-24,aachc-cfb-wins-2026-11-28-flst-7pt5wins,cfb,0.0028,1,2026-08-24T18:24:57Z,,,,0.002115,2.459825,1.900,,
2026-08-24,aachc-cfb-wins-2026-11-28-txam-9pt5wins,cfb,1.8564,2,2026-08-24T18:24:57Z,,,,0.327409,2.500000,0.577,,
2026-08-24,aachc-cfb-wins-2026-11-28-tx-7pt5wins,cfb,1.6494,2,2026-08-24T18:24:57Z,,,,0.452757,2.500000,0.553,,
2026-08-24,aachc-cfb-wins-2026-11-28-fl-6pt5wins,cfb,0.1667,1,2026-08-24T18:24:57Z,,,,0.807821,2.462368,2.029,,
2026-08-24,aachc-cfb-wins-2026-11-28-col-3pt5wins,cfb,0.0000,1,2026-08-24T18:24:57Z,,,,0.000053,2.459191,1.871,,
2026-08-24,aachc-cfb-wins-2026-11-28-arzst-5pt5wins,cfb,0.0013,1,2026-08-24T18:24:57Z,,,,0.000990,2.500000,1.987,,
2026-08-24,aachc-cfb-wins-2026-11-28-colst-1pt5wins,cfb,2.4851,1,2026-08-24T18:24:57Z,,,,0.630080,2.456196,1.743,,
2026-08-24,aachc-cfb-wins-2026-11-28-tx-10pt5wins,cfb,0.1882,2,2026-08-24T18:24:57Z,,,,0.127952,2.500000,0.556,,
2026-08-24,aachc-cfb-wins-2026-11-28-fl-8pt5wins,cfb,0.0009,1,2026-08-24T18:24:57Z,,,,0.107888,2.461542,1.985,,
2026-08-24,aachc-cfb-wins-2026-11-28-byu-6pt5wins,cfb,0.0001,1,2026-08-24T18:24:57Z,,,,0.000064,2.460416,1.929,,
2026-08-24,aachc-cfb-wins-2026-11-28-colst-2pt5wins,cfb,0.7819,2,2026-08-24T18:24:57Z,,,,0.359215,2.455359,1.710,,
2026-08-24,aachc-cfb-wins-2026-11-28-nd-10pt5wins,cfb,0.0306,2,2026-08-24T18:24:57Z,,,,0.261893,2.500000,0.541,,
2026-08-24,aachc-cfb-wins-2026-11-28-aubrn-4pt5wins,cfb,0.0173,2,2026-08-24T18:24:57Z,,,,0.062103,2.462368,2.029,,
2026-08-24,aachc-cfb-wins-2026-11-28-ucf-3pt5wins,cfb,0.0000,1,2026-08-24T18:24:57Z,,,,0.000002,2.500000,0.541,,
2026-08-24,aachc-cfb-wins-2026-11-28-txam-6pt5wins,cfb,2.3104,1,2026-08-24T18:24:57Z,,,,0.428419,2.500000,0.492,,
2026-08-24,aachc-cfb-wins-2026-11-28-nebr-8pt5wins,cfb,0.1976,2,2026-08-24T18:24:57Z,,,,0.105324,2.377163,0.622,,
2026-08-24,aachc-cfb-wins-2026-11-28-okl-8pt5wins,cfb,2.3841,2,2026-08-24T18:24:57Z,,,,0.792491,2.500000,0.536,,
2026-08-24,aachc-cfb-wins-2026-11-28-frest-8pt5wins,cfb,0.2448,2,2026-08-24T18:24:57Z,,,,0.095219,2.431053,1.107,,
2026-08-24,aachc-cfb-wins-2026-11-28-mary-7pt5wins,cfb,2.2436,2,2026-08-24T18:24:57Z,,,,0.363432,2.500000,0.557,,
2026-08-24,aachc-cfb-wins-2026-11-28-cin-5pt5wins,cfb,0.0001,1,2026-08-24T18:24:57Z,,,,0.000028,2.459632,1.891,,
2026-08-24,aachc-cfb-wins-2026-11-28-stan-4pt5wins,cfb,0.0532,2,2026-08-24T18:24:57Z,,,,0.021297,2.500000,0.586,,
2026-08-24,aachc-cfb-wins-2026-11-28-stan-5pt5wins,cfb,0.0255,1,2026-08-24T18:24:57Z,,,,0.009463,2.500000,0.531,,
2026-08-24,aachc-cfb-wins-2026-11-28-uk-3pt5wins,cfb,0.1476,2,2026-08-24T18:24:57Z,,,,0.020086,2.500000,0.556,,
2026-08-24,aachc-cfb-wins-2026-11-28-syra-2pt5wins,cfb,0.0245,1,2026-08-24T18:24:57Z,,,,0.009801,2.500000,0.268,,
2026-08-24,aachc-cfb-wins-2026-11-28-mary-5pt5wins,cfb,0.7008,2,2026-08-24T18:24:57Z,,,,0.112146,2.500000,0.569,,
2026-08-24,aachc-cfb-wins-2026-11-28-nw-7pt5wins,cfb,0.2890,2,2026-08-24T18:24:57Z,,,,0.115608,2.500000,0.583,,
2026-08-24,aachc-cfb-wins-2026-11-28-pur-5pt5wins,cfb,0.2172,2,2026-08-24T18:24:57Z,,,,0.140592,2.500000,0.557,,
2026-08-24,aachc-cfb-wins-2026-11-28-smu-10pt5wins,cfb,0.0247,1,2026-08-24T18:24:57Z,,,,0.212128,2.500000,0.555,,
2026-08-24,aachc-cfb-wins-2026-11-28-bayl-4pt5wins,cfb,2.4871,1,2026-08-24T18:24:57Z,,,,0.978340,2.458574,1.843,,
2026-08-24,aachc-cfb-wins-2026-11-28-sdst-8pt5wins,cfb,2.5001,2,2026-08-24T18:24:57Z,,,,0.813104,2.500000,0.541,,
2026-08-24,aachc-cfb-wins-2026-11-28-vir-9pt5wins,cfb,0.0019,1,2026-08-24T18:24:57Z,,,,,,,,
2026-08-24,aachc-cfb-wins-2026-11-28-ill-9pt5wins,cfb,0.0011,1,2026-08-24T18:24:57Z,,,,,,,,
2026-08-24,aachc-cfb-wins-2026-11-28-rutger-4pt5wins,cfb,0.0333,1,2026-08-24T18:24:57Z,,,,0.177579,2.500000,0.552,,
2026-08-24,aachc-cfb-wins-ou-2026-11-28-ncst,cfb,0.1533,1,2026-08-24T18:24:57Z,,,,,,,,
2026-08-24,aachc-cfb-wins-2026-11-28-nebr-7pt5wins,cfb,0.0764,1,2026-08-24T18:24:57Z,,,,,,,,
2026-08-24,aachc-cfb-wins-ou-2026-11-28-bayl,cfb,0.0036,1,2026-08-24T18:24:57Z,,,,,,,,
2026-08-24,aachc-cfb-wins-2026-11-28-sdst-9pt5wins,cfb,2.4990,1,2026-08-24T18:24:57Z,,,,0.999600,2.500000,0.553,,
2026-08-24,aachc-cfb-wins-2026-11-28-bayl-8pt5wins,cfb,0.0036,1,2026-08-24T18:39:09Z,,,,,,,,
2026-08-24,aachc-cfb-wins-ou-2026-11-28-mia,cfb,0.1621,1,2026-08-24T18:39:09Z,,,,0.490777,0.164474,0.555,,
2026-08-24,aachc-cfb-wins-2026-11-28-utahst-5pt5wins,cfb,0.0000,1,2026-08-24T18:39:09Z,,,,,,,,
2026-08-24,aachc-cfb-wins-2026-11-28-utahst-4pt5wins,cfb,0.0011,1,2026-08-24T18:39:09Z,,,,0.001855,2.500000,0.574,,
2026-08-24,aachc-cfb-wins-2026-11-28-wake-3pt5wins,cfb,0.9183,1,2026-08-24T19:39:37Z,,,,0.283127,2.500000,0.521,,
2026-08-24,aachc-cfb-wins-2026-11-28-mspst-3pt5wins,cfb,0.7613,1,2026-08-24T19:39:37Z,,,,0.314989,2.500000,0.561,,
2026-08-24,aachc-cfb-wins-2026-11-28-ind-8pt5wins,cfb,2.4498,1,2026-08-24T19:39:37Z,,,,0.264790,2.500000,1.225,,
2026-08-24,aachc-cfb-wins-2026-11-28-ohiost-9pt5wins,cfb,0.0216,1,2026-08-24T19:39:37Z,,,,0.344768,2.500000,0.521,,
2026-08-24,aachc-cfb-wins-2026-11-28-ucla-6pt5wins,cfb,0.0506,1,2026-08-24T19:39:37Z,,,,0.020307,2.500000,0.165,,
2026-08-24,aachc-cfb-wins-2026-11-28-tenn-8pt5wins,cfb,2.4990,1,2026-08-24T19:39:37Z,,,,0.405284,2.500000,0.416,,
2026-08-24,aachc-cfb-wins-2026-11-28-ind-11pt5wins,cfb,2.4615,1,2026-08-24T19:39:37Z,,,,0.984601,2.500000,0.898,,
2026-08-24,aachc-cfb-wins-ou-2026-11-28-iowast,cfb,0.0086,1,2026-08-24T19:39:37Z,,,,0.155505,0.164474,0.316,,
2026-08-24,aachc-cfb-wins-ou-2026-11-28-lsu,cfb,0.0057,1,2026-08-24T19:39:37Z,,,,0.034490,0.164474,0.074,,
2026-08-24,aachc-cfb-wins-2026-11-28-ala-10pt5wins,cfb,0.0025,1,2026-08-24T19:39:37Z,,,,0.001011,2.500000,0.166,,
2026-08-24,aachc-cfb-wins-2026-11-28-txst-8pt5wins,cfb,2.4568,1,2026-08-24T19:39:37Z,,,,0.965203,2.500000,0.320,,
2026-08-24,aachc-cfb-wins-ou-2026-11-28-tenn,cfb,0.0078,1,2026-08-24T19:39:37Z,,,,0.515257,0.164474,0.057,,
2026-08-24,aachc-cfb-wins-ou-2026-11-28-txst,cfb,0.0007,1,2026-08-24T19:39:37Z,,,,0.482316,0.164474,0.057,,
2026-08-24,aachc-cfb-wins-2026-11-28-miss-8pt5wins,cfb,0.7078,1,2026-08-24T19:39:37Z,,,,0.831437,2.500000,0.317,,
2026-08-24,aachc-cfb-wins-2026-11-28-cin-3pt5wins,cfb,0.0197,1,2026-08-24T19:39:37Z,,,,0.114714,2.500000,1.044,,
2026-08-24,aachc-cfb-wins-2026-11-28-iowa-7pt5wins,cfb,0.0025,1,2026-08-24T19:39:37Z,,,,0.001006,2.500000,0.046,,
2026-08-24,aachc-cfb-wins-2026-11-28-tcu-7pt5wins,cfb,0.0012,1,2026-08-24T19:39:37Z,,,,0.000475,2.500000,0.044,,
2026-08-24,aachc-cfb-wins-ou-2026-11-28-nw,cfb,0.1560,1,2026-08-24T19:39:37Z,,,,0.948771,0.164474,0.040,,
2026-08-24,aachc-cfb-wins-ou-2026-11-28-sdst,cfb,0.0000,1,2026-08-24T19:39:37Z,,,,,,,,
2026-08-24,aachc-cfb-wins-2026-11-28-gtech-8pt5wins,cfb,1.0308,1,2026-08-24T20:39:37Z,,,,0.402437,2.500000,0.893,,
2026-08-24,aachc-cfb-wins-2026-11-28-uk-4pt5wins,cfb,0.0261,1,2026-08-24T20:39:37Z,,,,0.010449,2.500000,0.210,,
2026-08-24,aachc-cfb-wins-ou-2026-11-28-ga,cfb,0.0053,1,2026-08-24T20:39:37Z,,,,0.178687,0.164474,0.205,,
2026-08-24,aachc-cfb-wins-2026-11-28-ind-10pt5wins,cfb,1.7947,1,2026-08-24T20:39:37Z,,,,0.669779,2.500000,0.443,,
2026-08-24,aachc-cfb-wins-2026-11-28-col-5pt5wins,cfb,0.0371,1,2026-08-24T20:39:37Z,,,,0.023587,2.500000,0.612,,
2026-08-24,aachc-cfb-wins-2026-11-28-arz-6pt5wins,cfb,0.0641,1,2026-08-24T20:39:37Z,,,,0.025701,2.500000,0.501,,
2026-08-24,aachc-cfb-wins-2026-11-28-txst-5pt5wins,cfb,2.4633,1,2026-08-24T20:39:37Z,,,,0.985278,2.500000,0.160,,
2026-08-24,aachc-cfb-wins-2026-11-28-byu-7pt5wins,cfb,2.4999,1,2026-08-24T20:39:37Z,,,,0.697959,2.500000,0.498,,
2026-08-24,aachc-cfb-wins-2026-11-28-tcu-5pt5wins,cfb,1.0024,1,2026-08-24T20:39:37Z,,,,0.531270,2.500000,0.143,,
2026-08-24,aachc-cfb-wins-2026-11-28-iowa-9pt5wins,cfb,0.0570,1,2026-08-24T20:39:37Z,,,,0.022817,2.500000,0.084,,
2026-08-24,aachc-cfb-wins-2026-11-28-mich-10pt5wins,cfb,0.0000,1,2026-08-24T20:39:37Z,,,,,,,,
2026-08-24,aachc-cfb-wins-2026-11-28-washst-6pt5wins,cfb,0.0000,1,2026-08-24T20:39:37Z,,,,,,,,
