ts,iso,type,market,side,intent,price,shares,order_id,role,realized_pnl,placed_iso,rested_h,commission,maker_bps,manual,order_state,cancel_reason,reject_reason,amount_usd,detail
1787508344.3,2026-08-23T18:05:44.280046531Z,ACTIVITY_TYPE_TRADE,tec-nba-mvp-2027-05-17-w-lambal,BUY,ORDER_INTENT_BUY_LONG,0.01,100,C1Z3K549CDK0,passive,,2026-08-23T14:18:11.990479083Z,3.792,-0.01,0,1,ORDER_STATE_FILLED,UNSOLICITED_CXL_REASON_UNDEFINED,ORD_REJECT_REASON_EXCHANGE_OPTION,,
1787508603.6,2026-08-23T18:10:03.554627257Z,ACTIVITY_TYPE_TRADE,ussewc-usse-ar-2026-11-03-rep,SELL,ORDER_INTENT_SELL_LONG,0.96,1.04,C1HQS9GD2DJP,passive,0.02,2026-08-22T22:42:45.113694160Z,19.455,0,0,1,ORDER_STATE_PARTIALLY_FILLED,UNSOLICITED_CXL_REASON_UNDEFINED,ORD_REJECT_REASON_EXCHANGE_OPTION,,
1787508657.2,2026-08-23T18:10:57.226139399Z,ACTIVITY_TYPE_TRADE,usgubewc-usgub-ne-2026-11-03-rep,SELL,ORDER_INTENT_SELL_LONG,0.94,1.06,C1Y8800HWDK7,passive,0.02,2026-08-23T13:16:55.078920315Z,4.901,0,0,1,ORDER_STATE_PARTIALLY_FILLED,UNSOLICITED_CXL_REASON_UNDEFINED,ORD_REJECT_REASON_EXCHANGE_OPTION,,
1787509044.9,2026-08-23T18:17:24.863902716Z,ACTIVITY_TYPE_TRADE,ussewc-usse-sc-2026-11-03-dem,BUY,ORDER_INTENT_SELL_SHORT,0.25,0.9,C220XRK54DK2,passive,-0.66,2026-08-23T17:39:40.443661341Z,0.629,0,0,1,ORDER_STATE_PARTIALLY_FILLED,UNSOLICITED_CXL_REASON_UNDEFINED,ORD_REJECT_REASON_EXCHANGE_OPTION,,
1787509150.4,2026-08-23T18:19:10.370139241Z,ACTIVITY_TYPE_TRADE,enwc-uspres-nom-dem-2028-gavnew,SELL,ORDER_INTENT_SELL_LONG,0.25,1,C22A2XFSYDK0,passive,0.11,2026-08-23T17:58:39.577083712Z,0.342,0,0,1,ORDER_STATE_FILLED,UNSOLICITED_CXL_REASON_UNDEFINED,ORD_REJECT_REASON_EXCHANGE_OPTION,,
1787509150.4,2026-08-23T18:19:10.370139241Z,ACTIVITY_TYPE_TRADE,enwc-uspres-nom-dem-2028-gavnew,SELL,ORDER_INTENT_SELL_LONG,0.25,1,C21DME0DEDKA,passive,0.11,2026-08-23T16:58:56.279330504Z,1.337,0,0,1,ORDER_STATE_FILLED,UNSOLICITED_CXL_REASON_UNDEFINED,ORD_REJECT_REASON_EXCHANGE_OPTION,,
1787509150.4,2026-08-23T18:19:10.370139241Z,ACTIVITY_TYPE_TRADE,enwc-uspres-nom-dem-2028-gavnew,SELL,ORDER_INTENT_SELL_LONG,0.25,1,C20HAC6E2DK1,passive,0.11,2026-08-23T15:57:09.603038486Z,2.367,0,0,1,ORDER_STATE_FILLED,UNSOLICITED_CXL_REASON_UNDEFINED,ORD_REJECT_REASON_EXCHANGE_OPTION,,
1787509150.4,2026-08-23T18:19:10.370139241Z,ACTIVITY_TYPE_TRADE,enwc-uspres-nom-dem-2028-gavnew,SELL,ORDER_INTENT_SELL_LONG,0.25,1,C1TFXE1CGDKA,passive,0.11,2026-08-23T08:55:21.454895103Z,9.397,0,0,1,ORDER_STATE_FILLED,UNSOLICITED_CXL_REASON_UNDEFINED,ORD_REJECT_REASON_EXCHANGE_OPTION,,
1787509433.4,2026-08-23T18:23:53.410964888Z,ACTIVITY_TYPE_TRADE,aachc-cfb-wins-2026-11-28-okl-8pt5wins,BUY,ORDER_INTENT_BUY_LONG,0.63,0.5,C20YCWHMGDJT,passive,,2026-08-23T16:25:57.556391790Z,1.966,0,0,1,ORDER_STATE_FILLED,UNSOLICITED_CXL_REASON_UNDEFINED,ORD_REJECT_REASON_EXCHANGE_OPTION,,
1787510644.3,2026-08-23T18:44:04.286710351Z,ACTIVITY_TYPE_TRADE,aachc-cfb-wins-2026-11-28-okl-5pt5wins,SELL,ORDER_INTENT_BUY_SHORT,0.79,0.17,C1YBXC4CYDJT,passive,,2026-08-23T13:24:55.800740664Z,5.319,0,0,1,ORDER_STATE_PARTIALLY_FILLED,UNSOLICITED_CXL_REASON_UNDEFINED,ORD_REJECT_REASON_EXCHANGE_OPTION,,
1787510783.6,2026-08-23T18:46:23.576094706Z,ACTIVITY_TYPE_TRADE,aachc-cfb-wins-2026-11-28-okl-5pt5wins,SELL,ORDER_INTENT_BUY_SHORT,0.79,0.03,C1YBXC4CYDJT,passive,,2026-08-23T13:24:55.800740664Z,5.358,0,0,1,ORDER_STATE_FILLED,UNSOLICITED_CXL_REASON_UNDEFINED,ORD_REJECT_REASON_EXCHANGE_OPTION,,
1787510864.9,2026-08-23T18:47:44.932206994Z,ACTIVITY_TYPE_TRADE,aachc-cfb-wins-2026-11-28-ill-8pt5wins,BUY,ORDER_INTENT_BUY_LONG,0.43,0.01,C1YK003C4DK2,passive,,2026-08-23T13:40:49.492991547Z,5.115,0,0,1,ORDER_STATE_FILLED,UNSOLICITED_CXL_REASON_UNDEFINED,ORD_REJECT_REASON_EXCHANGE_OPTION,,
1787510894.5,2026-08-23T18:48:14.504389168Z,ACTIVITY_TYPE_TRADE,aachc-cfb-wins-2026-11-28-ala-9pt5wins,BUY,ORDER_INTENT_BUY_LONG,0.59,0.01,C214YV3SCDK2,passive,,2026-08-23T16:40:01.269977041Z,2.137,0,0,1,ORDER_STATE_FILLED,UNSOLICITED_CXL_REASON_UNDEFINED,ORD_REJECT_REASON_EXCHANGE_OPTION,,
1787511199.3,2026-08-23T18:53:19.255871031Z,ACTIVITY_TYPE_TRADE,aachc-cfb-wins-2026-11-28-syra-2pt5wins,SELL,ORDER_INTENT_BUY_SHORT,0.66,0.01,C1ZB6780PDK2,passive,,2026-08-23T14:34:11.772951539Z,4.319,0,0,1,ORDER_STATE_FILLED,UNSOLICITED_CXL_REASON_UNDEFINED,ORD_REJECT_REASON_EXCHANGE_OPTION,,
1787511263.8,2026-08-23T18:54:23.819990726Z,ACTIVITY_TYPE_TRADE,enwc-uspres-nom-dem-2028-gavnew,SELL,ORDER_INTENT_SELL_LONG,0.26,1,C1SM735PWDK2,passive,0.11,2026-08-23T07:55:22.092683837Z,10.984,0,0,1,ORDER_STATE_FILLED,UNSOLICITED_CXL_REASON_UNDEFINED,ORD_REJECT_REASON_EXCHANGE_OPTION,,
1787511494.7,2026-08-23T18:58:14.690025027Z,ACTIVITY_TYPE_TRADE,enwc-uspres-nom-dem-2028-gavnew,BUY,ORDER_INTENT_BUY_LONG,0.24,1,C2330N76GDK1,passive,,2026-08-23T18:58:13.483560796Z,0,0,0,1,ORDER_STATE_FILLED,UNSOLICITED_CXL_REASON_UNDEFINED,ORD_REJECT_REASON_EXCHANGE_OPTION,,
1787511543.6,2026-08-23T18:59:03.595097862Z,ACTIVITY_TYPE_TRADE,aachc-cfb-wins-2026-11-28-iowa-8pt5wins,BUY,ORDER_INTENT_BUY_LONG,0.49,0.5,C1TC3VK8CDJV,passive,,2026-08-23T08:47:22.877318095Z,10.195,0,0,1,ORDER_STATE_FILLED,UNSOLICITED_CXL_REASON_UNDEFINED,ORD_REJECT_REASON_EXCHANGE_OPTION,,
1787511832.0,2026-08-23T19:03:51.957525810Z,ACTIVITY_TYPE_TRADE,ussewc-usse-mt-2026-11-03-setbod,BUY,ORDER_INTENT_BUY_LONG,0.2,1,C22R2HS2CDK1,passive,,2026-08-23T18:29:14.461434489Z,0.577,0,0,1,ORDER_STATE_FILLED,UNSOLICITED_CXL_REASON_UNDEFINED,ORD_REJECT_REASON_EXCHANGE_OPTION,,
1787512117.4,2026-08-23T19:08:37.433253244Z,ACTIVITY_TYPE_TRADE,ussewc-usse-ky-2026-11-03-rep,BUY,ORDER_INTENT_BUY_LONG,0.96,1,C237QXBNJDJT,passive,,2026-08-23T19:08:33.032273292Z,0.001,0,0,1,ORDER_STATE_FILLED,UNSOLICITED_CXL_REASON_UNDEFINED,ORD_REJECT_REASON_EXCHANGE_OPTION,,
1787512730.8,2026-08-23T19:18:50.803579216Z,ACTIVITY_TYPE_TRADE,enwc-uspres-nom-dem-2028-petbut,BUY,ORDER_INTENT_BUY_LONG,0.1,94.71,C23BZFVR0DJP,passive,,2026-08-23T19:17:31.481970424Z,0.022,-0.11,0,1,ORDER_STATE_PARTIALLY_FILLED,UNSOLICITED_CXL_REASON_UNDEFINED,ORD_REJECT_REASON_EXCHANGE_OPTION,,
1787512731.7,2026-08-23T19:18:51.723822815Z,ACTIVITY_TYPE_TRADE,enwc-uspres-nom-dem-2028-petbut,BUY,ORDER_INTENT_BUY_LONG,0.1,11,C23BZFVR0DJP,passive,,2026-08-23T19:17:31.481970424Z,0.022,-0.01,0,1,ORDER_STATE_PARTIALLY_FILLED,UNSOLICITED_CXL_REASON_UNDEFINED,ORD_REJECT_REASON_EXCHANGE_OPTION,,
1787513379.8,2026-08-23T19:29:39.825974495Z,ACTIVITY_TYPE_TRADE,aachc-cfb-wins-2026-11-28-frest-4pt5wins,SELL,ORDER_INTENT_BUY_SHORT,0.62,0.01,C1NJ11STCDKA,passive,,2026-08-23T03:09:26.662106861Z,16.337,0,0,1,ORDER_STATE_FILLED,UNSOLICITED_CXL_REASON_UNDEFINED,ORD_REJECT_REASON_EXCHANGE_OPTION,,
1787513564.3,2026-08-23T19:32:44.250294225Z,ACTIVITY_TYPE_TRADE,vmc-ussep-mov-sc-rep-2026-08-25-gra0-5,BUY,ORDER_INTENT_SELL_SHORT,0.11,1,C1NTTT5VGDJV,passive,-0.77,2026-08-23T03:29:25.890254172Z,16.055,0,0,1,ORDER_STATE_FILLED,UNSOLICITED_CXL_REASON_UNDEFINED,ORD_REJECT_REASON_EXCHANGE_OPTION,,
1787515338.7,2026-08-23T20:02:18.718956034Z,ACTIVITY_TYPE_TRADE,ussewc-usse-ks-2026-11-03-dem,SELL,ORDER_INTENT_SELL_LONG,0.16,1,C1WA1RQ12DJV,passive,-0.04,2026-08-23T11:02:26.626676966Z,8.998,0,0,1,ORDER_STATE_FILLED,UNSOLICITED_CXL_REASON_UNDEFINED,ORD_REJECT_REASON_EXCHANGE_OPTION,,
1787515880.4,2026-08-23T20:11:20.408630231Z,ACTIVITY_TYPE_TRADE,usgubewc-usgub-ne-2026-11-03-rep,BUY,ORDER_INTENT_BUY_LONG,0.93,1,C21GYRXXRDK1,passive,,2026-08-23T17:06:28.497547808Z,3.081,0,0,1,ORDER_STATE_FILLED,UNSOLICITED_CXL_REASON_UNDEFINED,ORD_REJECT_REASON_EXCHANGE_OPTION,,
1787515889.6,2026-08-23T20:11:29.610576328Z,ACTIVITY_TYPE_TRADE,usgubewc-usgub-ne-2026-11-03-dem,BUY,ORDER_INTENT_BUY_LONG,0.08,1,C23ZY2MMCDK7,passive,,2026-08-23T20:03:28.241168101Z,0.134,0,0,1,ORDER_STATE_FILLED,UNSOLICITED_CXL_REASON_UNDEFINED,ORD_REJECT_REASON_EXCHANGE_OPTION,,
1787515937.3,2026-08-23T20:12:17.272352534Z,ACTIVITY_TYPE_TRADE,ussewc-usse-mt-2026-11-03-setbod,BUY,ORDER_INTENT_BUY_LONG,0.13,1,C23J4WW4GDK5,passive,,2026-08-23T19:30:24.588009571Z,0.698,0,0,1,ORDER_STATE_FILLED,UNSOLICITED_CXL_REASON_UNDEFINED,ORD_REJECT_REASON_EXCHANGE_OPTION,,
1787515943.8,2026-08-23T20:12:23.839428998Z,ACTIVITY_TYPE_TRADE,ussewc-usse-mt-2026-11-03-rep,BUY,ORDER_INTENT_BUY_LONG,0.93,1,C23XE9SPTDJV,passive,,2026-08-23T19:56:32.337229746Z,0.264,0,0,1,ORDER_STATE_FILLED,UNSOLICITED_CXL_REASON_UNDEFINED,ORD_REJECT_REASON_EXCHANGE_OPTION,,
1787518439.4,2026-08-23T20:53:59.440770663Z,ACTIVITY_TYPE_TRADE,enwc-uspres-nom-dem-2028-gavnew,BUY,ORDER_INTENT_BUY_LONG,0.24,1,C23XZGKXPDJP,passive,,2026-08-23T19:58:17.889648682Z,0.928,0,0,1,ORDER_STATE_FILLED,UNSOLICITED_CXL_REASON_UNDEFINED,ORD_REJECT_REASON_EXCHANGE_OPTION,,
1787519645.0,2026-08-23T21:14:05.027297918Z,ACTIVITY_TYPE_TRADE,enwc-uspres-nom-dem-2028-gavnew,BUY,ORDER_INTENT_BUY_LONG,0.24,1,C24SRJ61CDK7,passive,,2026-08-23T20:59:08.490904764Z,0.249,0,0,1,ORDER_STATE_FILLED,UNSOLICITED_CXL_REASON_UNDEFINED,ORD_REJECT_REASON_EXCHANGE_OPTION,,
1787520186.3,2026-08-23T21:23:06.338684767Z,ACTIVITY_TYPE_TRADE,ewc-usp-2028-11-07-rondes,BUY,ORDER_INTENT_BUY_LONG,0.09,1,C1X9ESH3MDK0,passive,,2026-08-23T12:23:55.438995289Z,8.986,0,0,1,ORDER_STATE_FILLED,UNSOLICITED_CXL_REASON_UNDEFINED,ORD_REJECT_REASON_EXCHANGE_OPTION,,
1787521202.7,2026-08-23T21:40:02.700999716Z,ACTIVITY_TYPE_TRADE,usgubewc-usgub-md-2026-11-03-dem,BUY,ORDER_INTENT_BUY_LONG,0.98,6,C23FZ0ZS8DK0,passive,,2026-08-23T19:25:34.254830801Z,2.241,0,0,1,ORDER_STATE_PARTIALLY_FILLED,UNSOLICITED_CXL_REASON_UNDEFINED,ORD_REJECT_REASON_EXCHANGE_OPTION,,
1787521511.0,2026-08-23T21:45:11.021075732Z,ACTIVITY_TYPE_TRADE,cranc-uspres28-12-31-2026-tuccar,BUY,ORDER_INTENT_BUY_LONG,0.16,2,C1M7MQX84DJP,passive,,2026-08-23T01:34:47.254214905Z,20.173,0,0,1,ORDER_STATE_FILLED,UNSOLICITED_CXL_REASON_UNDEFINED,ORD_REJECT_REASON_EXCHANGE_OPTION,,
1787522260.3,2026-08-23T21:57:40.252772733Z,ACTIVITY_TYPE_TRADE,paccc-usho-midterms-2026-11-03-rep,BUY,ORDER_INTENT_BUY_LONG,0.156,50,C242Q5JMMDK2,passive,,2026-08-23T20:09:38.669654943Z,1.8,-0.08,0,1,ORDER_STATE_FILLED,UNSOLICITED_CXL_REASON_UNDEFINED,ORD_REJECT_REASON_EXCHANGE_OPTION,,
1787522638.1,2026-08-23T22:03:58.093473137Z,ACTIVITY_TYPE_TRADE,ussewc-usse-ky-2026-11-03-rep,BUY,ORDER_INTENT_BUY_LONG,0.96,1,C25MHG3KRDJP,passive,,2026-08-23T21:53:55.694949545Z,0.167,0,0,1,ORDER_STATE_FILLED,UNSOLICITED_CXL_REASON_UNDEFINED,ORD_REJECT_REASON_EXCHANGE_OPTION,,
1787523150.7,2026-08-23T22:12:30.742184360Z,ACTIVITY_TYPE_TRADE,usgubewc-usgub-hi-2026-11-03-rep,SELL,ORDER_INTENT_SELL_LONG,0.05,1,C25R051PGDJP,passive,-0.14,2026-08-23T22:01:28.638842341Z,0.184,0,0,1,ORDER_STATE_FILLED,UNSOLICITED_CXL_REASON_UNDEFINED,ORD_REJECT_REASON_EXCHANGE_OPTION,,
1787523932.9,2026-08-23T22:25:32.949004757Z,ACTIVITY_TYPE_TRADE,vmc-ussep-mov-sc-rep-2026-08-25-gragte30,BUY,ORDER_INTENT_SELL_SHORT,0.07,1,C25YQVTHYDJR,passive,-0.84,2026-08-23T22:16:08.577354105Z,0.157,0,0,1,ORDER_STATE_FILLED,UNSOLICITED_CXL_REASON_UNDEFINED,ORD_REJECT_REASON_EXCHANGE_OPTION,,
1787524256.6,2026-08-23T22:30:56.592745081Z,ACTIVITY_TYPE_TRADE,enwc-usgubp-ri-2026-09-09-dem-helfou,SELL,ORDER_INTENT_SELL_LONG,0.87,1,C1A9W6FQEDKA,passive,-0.05,2026-08-22T14:02:47.067103270Z,32.469,0,0,1,ORDER_STATE_FILLED,UNSOLICITED_CXL_REASON_UNDEFINED,ORD_REJECT_REASON_EXCHANGE_OPTION,,
1787524601.2,2026-08-23T22:36:41.237467333Z,ACTIVITY_TYPE_TRADE,aachc-cfb-wins-2026-11-28-flst-7pt5wins,BUY,ORDER_INTENT_BUY_LONG,0.39,1,C1E4BS458DJT,passive,,2026-08-22T18:28:11.063201653Z,28.142,0,0,1,ORDER_STATE_FILLED,UNSOLICITED_CXL_REASON_UNDEFINED,ORD_REJECT_REASON_EXCHANGE_OPTION,,
1787524611.2,2026-08-23T22:36:51.198086933Z,ACTIVITY_TYPE_TRADE,aachc-cfb-wins-2026-11-28-kanst-8pt5wins,BUY,ORDER_INTENT_BUY_LONG,0.63,0.2,C20R2WDERDJT,passive,,2026-08-23T16:12:22.347085748Z,6.408,0,0,1,ORDER_STATE_FILLED,UNSOLICITED_CXL_REASON_UNDEFINED,ORD_REJECT_REASON_EXCHANGE_OPTION,,
1787524625.7,2026-08-23T22:37:05.747423558Z,ACTIVITY_TYPE_TRADE,aachc-cfb-wins-2026-11-28-usc-8pt5wins,BUY,ORDER_INTENT_SELL_SHORT,0.5,0.01,C219556J2DK5,passive,0.01,2026-08-23T16:48:57.102151334Z,5.802,0,0,1,ORDER_STATE_FILLED,UNSOLICITED_CXL_REASON_UNDEFINED,ORD_REJECT_REASON_EXCHANGE_OPTION,,
1787524626.9,2026-08-23T22:37:06.926232434Z,ACTIVITY_TYPE_TRADE,aachc-cfb-wins-2026-11-28-wash-8pt5wins,BUY,ORDER_INTENT_BUY_LONG,0.49,0.5,C1V93T9W2DJV,passive,,2026-08-23T09:50:27.223793681Z,12.778,0,0,1,ORDER_STATE_FILLED,UNSOLICITED_CXL_REASON_UNDEFINED,ORD_REJECT_REASON_EXCHANGE_OPTION,,
1787525781.3,2026-08-23T22:56:21.251673072Z,ACTIVITY_TYPE_TRADE,aachc-cfb-wins-2026-11-28-nd-10pt5wins,BUY,ORDER_INTENT_BUY_LONG,0.78,0.01,C1Z9JVS98DJV,passive,,2026-08-23T14:31:15.971999190Z,8.418,0,0,1,ORDER_STATE_FILLED,UNSOLICITED_CXL_REASON_UNDEFINED,ORD_REJECT_REASON_EXCHANGE_OPTION,,
1787525789.6,2026-08-23T22:56:29.602000714Z,ACTIVITY_TYPE_TRADE,apdc-jerpowgov-2026-12-31,SELL,ORDER_INTENT_BUY_SHORT,0.18,30,C1M8T5ZREDJR,passive,,2026-08-23T01:37:31.244114857Z,21.316,-0.06,0,1,ORDER_STATE_FILLED,UNSOLICITED_CXL_REASON_UNDEFINED,ORD_REJECT_REASON_EXCHANGE_OPTION,,
1787525802.8,2026-08-23T22:56:42.818581948Z,ACTIVITY_TYPE_TRADE,tec-nba-champ-2027-06-18-w-mia,SELL,ORDER_INTENT_BUY_SHORT,0.04,1,C1YYWGX9GDJR,passive,,2026-08-23T14:08:12.228203827Z,8.808,0,0,1,ORDER_STATE_FILLED,UNSOLICITED_CXL_REASON_UNDEFINED,ORD_REJECT_REASON_EXCHANGE_OPTION,,
1787526618.2,2026-08-23T23:10:18.225055050Z,ACTIVITY_TYPE_TRADE,aachc-cfb-wins-2026-11-28-wash-6pt5wins,SELL,ORDER_INTENT_BUY_SHORT,0.48,0.01,C206E0FTGDJV,passive,,2026-08-23T15:33:11.027513022Z,7.619,0,0,1,ORDER_STATE_FILLED,UNSOLICITED_CXL_REASON_UNDEFINED,ORD_REJECT_REASON_EXCHANGE_OPTION,,
1787527067.5,2026-08-23T23:17:47.499499295Z,ACTIVITY_TYPE_TRADE,aachc-cfb-wins-2026-11-28-iowa-6pt5wins,BUY,ORDER_INTENT_BUY_LONG,0.82,0.04,C20XV1XJ4DK7,passive,,2026-08-23T16:24:55.879209800Z,6.881,0,0,1,ORDER_STATE_PARTIALLY_FILLED,UNSOLICITED_CXL_REASON_UNDEFINED,ORD_REJECT_REASON_EXCHANGE_OPTION,,
1787528813.6,2026-08-23T23:46:53.590343774Z,ACTIVITY_TYPE_TRADE,paccc-balpow-2026-11-03-dhou-rsen,SELL,ORDER_INTENT_BUY_SHORT,0.37,2.98,C200VVK2GDJP,passive,,2026-08-23T15:21:44.632890379Z,8.419,-0.01,0,1,ORDER_STATE_FILLED,UNSOLICITED_CXL_REASON_UNDEFINED,ORD_REJECT_REASON_EXCHANGE_OPTION,,
1787528902.9,2026-08-23T23:48:22.857284653Z,ACTIVITY_TYPE_TRADE,scc-senate-gop-2026-11-03-50,SELL,ORDER_INTENT_SELL_LONG,0.13,1,C1ZHQJD6CDK7,passive,-6.39,2026-08-23T14:49:10.263561632Z,8.987,0,0,1,ORDER_STATE_FILLED,UNSOLICITED_CXL_REASON_UNDEFINED,ORD_REJECT_REASON_EXCHANGE_OPTION,,
1787528918.6,2026-08-23T23:48:38.559830118Z,ACTIVITY_TYPE_TRADE,scc-senate-gop-2026-11-03-49,SELL,ORDER_INTENT_BUY_SHORT,0.16,1,C26FYW1SCDJV,passive,,2026-08-23T23:08:54.991809274Z,0.662,0,0,1,ORDER_STATE_FILLED,UNSOLICITED_CXL_REASON_UNDEFINED,ORD_REJECT_REASON_EXCHANGE_OPTION,,
1787528976.3,2026-08-23T23:49:36.315292570Z,ACTIVITY_TYPE_TRADE,aachc-cfb-wins-2026-11-28-utah-7pt5wins,BUY,ORDER_INTENT_BUY_LONG,0.91,0.5,C21Q7N4Z8DK7,passive,,2026-08-23T17:19:56.905447068Z,6.494,0,0,1,ORDER_STATE_FILLED,UNSOLICITED_CXL_REASON_UNDEFINED,ORD_REJECT_REASON_EXCHANGE_OPTION,,
1787528986.7,2026-08-23T23:49:46.667568123Z,ACTIVITY_TYPE_TRADE,ewc-usp-2028-11-07-dontrujr,SELL,ORDER_INTENT_BUY_SHORT,0.02,1,C26NCVK1PDKA,passive,,2026-08-23T23:17:26.814054253Z,0.539,0,0,1,ORDER_STATE_FILLED,UNSOLICITED_CXL_REASON_UNDEFINED,ORD_REJECT_REASON_EXCHANGE_OPTION,,
1787528995.8,2026-08-23T23:49:55.786951027Z,ACTIVITY_TYPE_TRADE,aachc-cfb-wins-2026-11-28-tx-7pt5wins,SELL,ORDER_INTENT_BUY_SHORT,0.66,0.01,C1ZZ0TKBGDK2,passive,,2026-08-23T15:18:12.678043318Z,8.529,0,0,1,ORDER_STATE_FILLED,UNSOLICITED_CXL_REASON_UNDEFINED,ORD_REJECT_REASON_EXCHANGE_OPTION,,
1787529022.3,2026-08-23T23:50:22.315720022Z,ACTIVITY_TYPE_TRADE,aachc-cfb-wins-2026-11-28-txam-9pt5wins,SELL,ORDER_INTENT_BUY_SHORT,0.24,0.01,C21BVF91TDK5,passive,,2026-08-23T16:55:04.708330411Z,6.922,0,0,1,ORDER_STATE_FILLED,UNSOLICITED_CXL_REASON_UNDEFINED,ORD_REJECT_REASON_EXCHANGE_OPTION,,
1787530155.3,2026-08-24T00:09:15.267859373Z,ACTIVITY_TYPE_TRADE,ussewc-usse-sc-2026-11-03-rep,BUY,ORDER_INTENT_SELL_SHORT,0.91,5,C27J561E6DK1,passive,4.25,2026-08-24T00:08:52.940258961Z,0.006,-0.01,0,1,ORDER_STATE_PARTIALLY_FILLED,UNSOLICITED_CXL_REASON_UNDEFINED,ORD_REJECT_REASON_EXCHANGE_OPTION,,
1787530373.5,2026-08-24T00:12:53.457649240Z,ACTIVITY_TYPE_TRADE,aachc-cfb-wins-2026-11-28-arzst-7pt5wins,SELL,ORDER_INTENT_SELL_LONG,0.34,1,C11F7FASTDK2,passive,-0.15,2026-08-22T03:48:19.138178740Z,44.41,0,0,1,ORDER_STATE_FILLED,UNSOLICITED_CXL_REASON_UNDEFINED,ORD_REJECT_REASON_EXCHANGE_OPTION,,
1787531060.4,2026-08-24T00:24:20.353268107Z,ACTIVITY_TYPE_TRADE,aachc-cfb-wins-2026-11-28-cin-5pt5wins,BUY,ORDER_INTENT_SELL_SHORT,0.5,1,C1YFTEQ62DKA,passive,-0.25,2026-08-23T13:33:50.701816777Z,10.842,0,0,1,ORDER_STATE_FILLED,UNSOLICITED_CXL_REASON_UNDEFINED,ORD_REJECT_REASON_EXCHANGE_OPTION,,
1787531072.2,2026-08-24T00:24:32.170650344Z,ACTIVITY_TYPE_TRADE,aachc-cfb-wins-2026-11-28-fl-6pt5wins,SELL,ORDER_INTENT_BUY_SHORT,0.69,0.01,C20TN9VEJDKA,passive,,2026-08-23T16:17:17.037174935Z,8.121,0,0,1,ORDER_STATE_FILLED,UNSOLICITED_CXL_REASON_UNDEFINED,ORD_REJECT_REASON_EXCHANGE_OPTION,,
1787531086.6,2026-08-24T00:24:46.579761035Z,ACTIVITY_TYPE_TRADE,aachc-cfb-wins-2026-11-28-byu-10pt5wins,SELL,ORDER_INTENT_SELL_LONG,0.17,3,C101FTPKMDK1,passive,-0.52,2026-08-22T02:04:30.228403241Z,46.338,-0.01,0,1,ORDER_STATE_FILLED,UNSOLICITED_CXL_REASON_UNDEFINED,ORD_REJECT_REASON_EXCHANGE_OPTION,,
1787531104.1,2026-08-24T00:25:04.133787484Z,ACTIVITY_TYPE_TRADE,aachc-cfb-wins-2026-11-28-col-3pt5wins,BUY,ORDER_INTENT_BUY_LONG,0.67,0.01,C1ZSNWRSCDK5,passive,,2026-08-23T15:06:18.676033996Z,9.313,0,0,1,ORDER_STATE_FILLED,UNSOLICITED_CXL_REASON_UNDEFINED,ORD_REJECT_REASON_EXCHANGE_OPTION,,
1787531125.5,2026-08-24T00:25:25.535557099Z,ACTIVITY_TYPE_TRADE,ussewc-usse-ky-2026-11-03-rep,BUY,ORDER_INTENT_BUY_LONG,0.96,1,C27STQEMWDK7,passive,,2026-08-24T00:25:01.400866033Z,0.007,0,0,1,ORDER_STATE_FILLED,UNSOLICITED_CXL_REASON_UNDEFINED,ORD_REJECT_REASON_EXCHANGE_OPTION,,
1787531144.4,2026-08-24T00:25:44.422370116Z,ACTIVITY_TYPE_TRADE,aachc-cfb-wins-2026-11-28-arzst-5pt5wins,SELL,ORDER_INTENT_BUY_SHORT,0.66,0.01,C214K4FJPDKA,passive,,2026-08-23T16:38:57.557288356Z,7.78,0,0,1,ORDER_STATE_FILLED,UNSOLICITED_CXL_REASON_UNDEFINED,ORD_REJECT_REASON_EXCHANGE_OPTION,,
1787531159.0,2026-08-24T00:25:58.953767666Z,ACTIVITY_TYPE_TRADE,aachc-cfb-wins-2026-11-28-clmsn-8pt5wins,SELL,ORDER_INTENT_SELL_LONG,0.43,1,C0YXEA8M6DJP,passive,-0.02,2026-08-22T00:44:01.396410867Z,47.699,0,0,1,ORDER_STATE_FILLED,UNSOLICITED_CXL_REASON_UNDEFINED,ORD_REJECT_REASON_EXCHANGE_OPTION,,
1787531772.3,2026-08-24T00:36:12.289463075Z,ACTIVITY_TYPE_TRADE,enwc-ussep-ma-2026-09-01-dem-edmark,BUY,ORDER_INTENT_BUY_LONG,0.96,1,C27YDDTVTDK7,passive,,2026-08-24T00:35:49.212166254Z,0.006,0,0,1,ORDER_STATE_FILLED,UNSOLICITED_CXL_REASON_UNDEFINED,ORD_REJECT_REASON_EXCHANGE_OPTION,,
1787532197.0,2026-08-24T00:43:16.963469464Z,ACTIVITY_TYPE_TRADE,paccc-usse-midterms-2026-11-03-dem,BUY,ORDER_INTENT_BUY_LONG,0.486,20,C20A0B2N0DJR,passive,,2026-08-23T15:40:58.184057254Z,9.039,-0.06,0,1,ORDER_STATE_FILLED,UNSOLICITED_CXL_REASON_UNDEFINED,ORD_REJECT_REASON_EXCHANGE_OPTION,,
1787532809.9,2026-08-24T00:53:29.852076223Z,ACTIVITY_TYPE_TRADE,usgubewc-usgub-fl-2026-11-03-rep,BUY,ORDER_INTENT_BUY_LONG,0.83,0.11,C21EVZJTCDKA,passive,,2026-08-23T17:01:45.011755796Z,7.862,0,0,1,ORDER_STATE_PARTIALLY_FILLED,UNSOLICITED_CXL_REASON_UNDEFINED,ORD_REJECT_REASON_EXCHANGE_OPTION,,
1787533341.4,2026-08-24T01:02:21.421343089Z,ACTIVITY_TYPE_TRADE,ewc-usp-2028-11-07-jdvan,BUY,ORDER_INTENT_BUY_LONG,0.21,56.77,C27S4731TDJV,passive,-0.8,2026-08-24T00:23:50.279780926Z,0.642,-0.12,0,1,ORDER_STATE_PARTIALLY_FILLED,UNSOLICITED_CXL_REASON_UNDEFINED,ORD_REJECT_REASON_EXCHANGE_OPTION,,
1787533341.4,2026-08-24T01:02:21.421343089Z,ACTIVITY_TYPE_TRADE,ewc-usp-2028-11-07-jdvan,BUY,ORDER_INTENT_BUY_LONG,0.21,20,BZKVYX5A2DK0,passive,-0.28,2026-08-19T22:37:08.003939131Z,98.42,-0.04,0,1,ORDER_STATE_FILLED,UNSOLICITED_CXL_REASON_UNDEFINED,ORD_REJECT_REASON_EXCHANGE_OPTION,,
1787533341.4,2026-08-24T01:02:21.421343089Z,ACTIVITY_TYPE_TRADE,ewc-usp-2028-11-07-jdvan,BUY,ORDER_INTENT_BUY_LONG,0.21,49.24,BXZ1YSN7WDJR,passive,-0.7,2026-08-17T09:28:07.131092260Z,159.571,-0.1,0,1,ORDER_STATE_FILLED,UNSOLICITED_CXL_REASON_UNDEFINED,ORD_REJECT_REASON_EXCHANGE_OPTION,,
1787533361.0,2026-08-24T01:02:40.974708876Z,ACTIVITY_TYPE_TRADE,enwc-uspres-nom-dem-2028-jonoss,BUY,ORDER_INTENT_SELL_SHORT,0.25,94.21,C1Y6RCVYGDKA,passive,20.25,2026-08-23T13:13:31.454813669Z,11.819,-0.22,0,1,ORDER_STATE_FILLED,UNSOLICITED_CXL_REASON_UNDEFINED,ORD_REJECT_REASON_EXCHANGE_OPTION,,
1787533438.3,2026-08-24T01:03:58.314037154Z,ACTIVITY_TYPE_TRADE,usgubewc-usgub-wy-2026-11-03-rep,SELL,ORDER_INTENT_BUY_SHORT,0.91,0.01,C28840GMPDK1,passive,0.01,2026-08-24T00:57:10.619904443Z,0.113,0,0,1,ORDER_STATE_FILLED,UNSOLICITED_CXL_REASON_UNDEFINED,ORD_REJECT_REASON_EXCHANGE_OPTION,,
1787533438.4,2026-08-24T01:03:58.378716166Z,ACTIVITY_TYPE_TRADE,usgubewc-usgub-wy-2026-11-03-dem,BUY,ORDER_INTENT_SELL_SHORT,0.08,5.19,C28B3XETGDK2,passive,-4.67,2026-08-24T01:03:33.823996316Z,0.007,0,0,1,ORDER_STATE_PARTIALLY_FILLED,UNSOLICITED_CXL_REASON_UNDEFINED,ORD_REJECT_REASON_EXCHANGE_OPTION,,
1787533438.4,2026-08-24T01:03:58.378716166Z,ACTIVITY_TYPE_TRADE,usgubewc-usgub-wy-2026-11-03-dem,BUY,ORDER_INTENT_SELL_SHORT,0.09,10,C28B2GVNGDK1,passive,-8.9,2026-08-24T01:03:15.821959055Z,0.012,-0.01,0,1,ORDER_STATE_FILLED,UNSOLICITED_CXL_REASON_UNDEFINED,ORD_REJECT_REASON_EXCHANGE_OPTION,,
1787533464.2,2026-08-24T01:04:24.184499354Z,ACTIVITY_TYPE_TRADE,usgubewc-usgub-wy-2026-11-03-dem,BUY,ORDER_INTENT_SELL_SHORT,0.08,4.81,C28B3XETGDK2,passive,-4.33,2026-08-24T01:03:33.823996316Z,0.014,0,0,1,ORDER_STATE_FILLED,UNSOLICITED_CXL_REASON_UNDEFINED,ORD_REJECT_REASON_EXCHANGE_OPTION,,
1787533569.6,2026-08-24T01:06:09.554324502Z,ACTIVITY_TYPE_TRADE,paccc-balpow-2026-11-03-rsweep,BUY,ORDER_INTENT_BUY_LONG,0.19,0.01,C27T0AHW4DK0,passive,,2026-08-24T00:25:36.070483738Z,0.676,0,0,1,ORDER_STATE_FILLED,UNSOLICITED_CXL_REASON_UNDEFINED,ORD_REJECT_REASON_EXCHANGE_OPTION,,
1787533569.6,2026-08-24T01:06:09.554324502Z,ACTIVITY_TYPE_TRADE,paccc-balpow-2026-11-03-rsweep,BUY,ORDER_INTENT_BUY_LONG,0.2,0.01,C286AZC0TDK5,passive,,2026-08-24T00:53:00.952093733Z,0.219,0,0,1,ORDER_STATE_FILLED,UNSOLICITED_CXL_REASON_UNDEFINED,ORD_REJECT_REASON_EXCHANGE_OPTION,,
1787533569.6,2026-08-24T01:06:09.554324502Z,ACTIVITY_TYPE_TRADE,paccc-balpow-2026-11-03-rsweep,BUY,ORDER_INTENT_BUY_LONG,0.21,0.01,C27WHDGJ8DK7,passive,,2026-08-24T00:31:31.441315059Z,0.577,0,0,1,ORDER_STATE_FILLED,UNSOLICITED_CXL_REASON_UNDEFINED,ORD_REJECT_REASON_EXCHANGE_OPTION,,
1787533569.6,2026-08-24T01:06:09.554324502Z,ACTIVITY_TYPE_TRADE,paccc-balpow-2026-11-03-rsweep,BUY,ORDER_INTENT_BUY_LONG,0.21,0.01,C27V3BFQADK5,passive,,2026-08-24T00:28:40.485848636Z,0.625,0,0,1,ORDER_STATE_FILLED,UNSOLICITED_CXL_REASON_UNDEFINED,ORD_REJECT_REASON_EXCHANGE_OPTION,,
1787533621.5,2026-08-24T01:07:01.511227861Z,ACTIVITY_TYPE_TRADE,paccc-balpow-2026-11-03-rsweep,BUY,ORDER_INTENT_BUY_LONG,0.15,2,C28CHZBK6DK0,passive,,2026-08-24T01:06:28.525367457Z,0.009,0,0,1,ORDER_STATE_FILLED,UNSOLICITED_CXL_REASON_UNDEFINED,ORD_REJECT_REASON_EXCHANGE_OPTION,,
1787533714.4,2026-08-24T01:08:34.386721323Z,ACTIVITY_TYPE_TRADE,apdc-jerpowgov-2026-12-31,SELL,ORDER_INTENT_SELL_LONG,0.23,22.4,C28AQBJ8ADJR,passive,-11.53,2026-08-24T01:02:25.396539755Z,0.102,-0.05,0,1,ORDER_STATE_FILLED,UNSOLICITED_CXL_REASON_UNDEFINED,ORD_REJECT_REASON_EXCHANGE_OPTION,,
1787533916.6,2026-08-24T01:11:56.624885985Z,ACTIVITY_TYPE_TRADE,scc-senate-gop-2026-11-03-47,BUY,ORDER_INTENT_SELL_SHORT,0.11,20,C28F6V8MPDK0,aggressor,-17.12,2026-08-24T01:11:56.623345149Z,0,0.12,0,1,ORDER_STATE_FILLED,UNSOLICITED_CXL_REASON_UNDEFINED,ORD_REJECT_REASON_EXCHANGE_OPTION,,
1787533972.1,2026-08-24T01:12:52.128395896Z,ACTIVITY_TYPE_TRADE,apdc-jerpowgov-2026-12-31,SELL,ORDER_INTENT_BUY_SHORT,0.25,10,C28DKNDSGDK2,passive,,2026-08-24T01:08:45.236805228Z,0.069,-0.02,0,1,ORDER_STATE_FILLED,UNSOLICITED_CXL_REASON_UNDEFINED,ORD_REJECT_REASON_EXCHANGE_OPTION,,
1787534095.0,2026-08-24T01:14:54.975998183Z,ACTIVITY_TYPE_TRADE,enwc-uspres-nom-dem-2028-aleocc,BUY,ORDER_INTENT_SELL_SHORT,0.18,6.68,BXRVC3KQ4DK0,passive,-9.74,2026-08-17T01:57:23.095762351Z,167.292,-0.01,0,1,ORDER_STATE_PARTIALLY_FILLED,UNSOLICITED_CXL_REASON_UNDEFINED,ORD_REJECT_REASON_EXCHANGE_OPTION,,
1787534147.8,2026-08-24T01:15:47.776779534Z,ACTIVITY_TYPE_TRADE,enwc-usgubp-ma-2026-09-01-rep-micmin,SELL,ORDER_INTENT_BUY_SHORT,0.93,46,C28BBBBNEDK1,passive,39.86,2026-08-24T01:03:50.063885728Z,0.199,-0.04,0,1,ORDER_STATE_PARTIALLY_FILLED,UNSOLICITED_CXL_REASON_UNDEFINED,ORD_REJECT_REASON_EXCHANGE_OPTION,,
1787534151.1,2026-08-24T01:15:51.133733135Z,ACTIVITY_TYPE_TRADE,apdc-jerpowgov-2026-12-31,BUY,ORDER_INTENT_SELL_SHORT,0.34,18,C28GTMZ9ADK5,passive,-7.2,2026-08-24T01:15:47.735350884Z,0.001,-0.05,0,1,ORDER_STATE_FILLED,UNSOLICITED_CXL_REASON_UNDEFINED,ORD_REJECT_REASON_EXCHANGE_OPTION,,
1787534165.2,2026-08-24T01:16:05.235289879Z,ACTIVITY_TYPE_TRADE,enwc-usgubp-ma-2026-09-01-rep-micmin,SELL,ORDER_INTENT_BUY_SHORT,0.93,0.42,C28BBBBNEDK1,passive,0.37,2026-08-24T01:03:50.063885728Z,0.204,0,0,1,ORDER_STATE_FILLED,UNSOLICITED_CXL_REASON_UNDEFINED,ORD_REJECT_REASON_EXCHANGE_OPTION,,
1787534186.5,2026-08-24T01:16:26.468084397Z,ACTIVITY_TYPE_TRADE,usgubewc-usgub-ne-2026-11-03-dem,BUY,ORDER_INTENT_BUY_LONG,0.08,1,C28CNSCY0DJR,passive,,2026-08-24T01:06:37.162766425Z,0.164,0,0,1,ORDER_STATE_FILLED,UNSOLICITED_CXL_REASON_UNDEFINED,ORD_REJECT_REASON_EXCHANGE_OPTION,,
1787534196.8,2026-08-24T01:16:36.822049037Z,ACTIVITY_TYPE_TRADE,enwc-usgubp-ma-2026-09-01-rep-brisho,BUY,ORDER_INTENT_BUY_LONG,0.05,65,C28BDRG66DJP,passive,-0.2,2026-08-24T01:03:47.195213150Z,0.214,-0.04,0,1,ORDER_STATE_FILLED,UNSOLICITED_CXL_REASON_UNDEFINED,ORD_REJECT_REASON_EXCHANGE_OPTION,,
1787534481.6,2026-08-24T01:21:21.646321971Z,ACTIVITY_TYPE_TRADE,aachc-cfb-wins-2026-11-28-tx-10pt5wins,BUY,ORDER_INTENT_BUY_LONG,0.42,0.5,C21CK5VTPDKA,passive,,2026-08-23T16:56:57.527901582Z,8.407,0,0,1,ORDER_STATE_FILLED,UNSOLICITED_CXL_REASON_UNDEFINED,ORD_REJECT_REASON_EXCHANGE_OPTION,,
1787534561.0,2026-08-24T01:22:40.951289172Z,ACTIVITY_TYPE_TRADE,aachc-cfb-wins-ou-2026-11-28-arz,SELL,ORDER_INTENT_BUY_SHORT,0.45,0.01,C20YD6KZYDJR,passive,,2026-08-23T16:25:59.760085727Z,8.945,0,0,1,ORDER_STATE_FILLED,UNSOLICITED_CXL_REASON_UNDEFINED,ORD_REJECT_REASON_EXCHANGE_OPTION,,
1787534750.1,2026-08-24T01:25:50.070535327Z,ACTIVITY_TYPE_TRADE,ewc-usp-2028-11-07-dontrujr,SELL,ORDER_INTENT_BUY_SHORT,0.02,1,C28J9Q14YDK1,passive,,2026-08-24T01:19:04.354297494Z,0.113,0,0,1,ORDER_STATE_FILLED,UNSOLICITED_CXL_REASON_UNDEFINED,ORD_REJECT_REASON_EXCHANGE_OPTION,,
1787534904.5,2026-08-24T01:28:24.511440287Z,ACTIVITY_TYPE_TRADE,usgubewc-usgub-ne-2026-11-03-rep,SELL,ORDER_INTENT_SELL_LONG,0.94,1,C243WJS88DJP,passive,0.07,2026-08-23T20:12:05.663729110Z,5.272,0,0,1,ORDER_STATE_FILLED,UNSOLICITED_CXL_REASON_UNDEFINED,ORD_REJECT_REASON_EXCHANGE_OPTION,,
1787534904.5,2026-08-24T01:28:24.511440287Z,ACTIVITY_TYPE_TRADE,usgubewc-usgub-ne-2026-11-03-rep,SELL,ORDER_INTENT_SELL_LONG,0.94,0.06,C22FR18STDKA,passive,0,2026-08-23T18:11:24.846103726Z,7.283,0,0,1,ORDER_STATE_FILLED,UNSOLICITED_CXL_REASON_UNDEFINED,ORD_REJECT_REASON_EXCHANGE_OPTION,,
1787534904.5,2026-08-24T01:28:24.511440287Z,ACTIVITY_TYPE_TRADE,usgubewc-usgub-ne-2026-11-03-rep,SELL,ORDER_INTENT_SELL_LONG,0.94,9.94,C1Y8800HWDK7,passive,0.66,2026-08-23T13:16:55.078920315Z,12.192,-0.01,0,1,ORDER_STATE_FILLED,UNSOLICITED_CXL_REASON_UNDEFINED,ORD_REJECT_REASON_EXCHANGE_OPTION,,
1787534998.5,2026-08-24T01:29:58.492781007Z,ACTIVITY_TYPE_TRADE,enwc-usgubp-ri-2026-09-09-rep-robrai,BUY,ORDER_INTENT_BUY_LONG,0.06,5,C28PFEEFTDK7,passive,,2026-08-24T01:28:32.684811788Z,0.024,0,0,1,ORDER_STATE_FILLED,UNSOLICITED_CXL_REASON_UNDEFINED,ORD_REJECT_REASON_EXCHANGE_OPTION,,
1787535403.3,2026-08-24T01:36:43.342499197Z,ACTIVITY_TYPE_TRADE,enwc-ussep-ma-2026-09-01-dem-edmark,BUY,ORDER_INTENT_BUY_LONG,0.96,1,C28SVYREPDJR,passive,,2026-08-24T01:36:16.580432050Z,0.007,0,0,1,ORDER_STATE_FILLED,UNSOLICITED_CXL_REASON_UNDEFINED,ORD_REJECT_REASON_EXCHANGE_OPTION,,
1787535506.4,2026-08-24T01:38:26.398887355Z,ACTIVITY_TYPE_TRADE,scc-hrep-rep-2026-11-03-gte200,BUY,ORDER_INTENT_BUY_LONG,0.69,0.05,C1QHE3SCRDJT,passive,-1.4,2026-08-23T05:29:40.177386381Z,20.146,0,0,1,ORDER_STATE_FILLED,UNSOLICITED_CXL_REASON_UNDEFINED,ORD_REJECT_REASON_EXCHANGE_OPTION,,
1787535864.3,2026-08-24T01:44:24.337766131Z,ACTIVITY_TYPE_TRADE,enwc-uspres-nom-rep-2028-marrub,BUY,ORDER_INTENT_BUY_LONG,0.25,1,C24NSS83RDKA,passive,,2026-08-23T20:50:28.004266177Z,4.899,0,0,1,ORDER_STATE_PARTIALLY_FILLED,UNSOLICITED_CXL_REASON_UNDEFINED,ORD_REJECT_REASON_EXCHANGE_OPTION,,
1787535941.5,2026-08-24T01:45:41.542215699Z,ACTIVITY_TYPE_TRADE,ussewc-usse-tn-2026-11-03-dem,BUY,ORDER_INTENT_BUY_LONG,0.08,0.3,C28E5478RDK0,passive,,2026-08-24T01:09:46.577876769Z,0.599,0,0,1,ORDER_STATE_PARTIALLY_FILLED,UNSOLICITED_CXL_REASON_UNDEFINED,ORD_REJECT_REASON_EXCHANGE_OPTION,,
1787536823.8,2026-08-24T02:00:23.844172327Z,ACTIVITY_TYPE_TRADE,scc-hrep-rep-2026-11-03-gte215,BUY,ORDER_INTENT_BUY_LONG,0.42,2,C10G7FDMMDJV,passive,,2026-08-22T02:35:55.952218960Z,47.408,-0.01,0,1,ORDER_STATE_FILLED,UNSOLICITED_CXL_REASON_UNDEFINED,ORD_REJECT_REASON_EXCHANGE_OPTION,,
1787536908.9,2026-08-24T02:01:48.904343282Z,ACTIVITY_TYPE_TRADE,aachc-cfb-wins-2026-11-28-ga-8pt5wins,SELL,ORDER_INTENT_BUY_SHORT,0.7,0.01,C1RVCH85EDK2,passive,,2026-08-23T07:01:24.027094546Z,19.007,0,0,1,ORDER_STATE_FILLED,UNSOLICITED_CXL_REASON_UNDEFINED,ORD_REJECT_REASON_EXCHANGE_OPTION,,
1787538610.3,2026-08-24T02:30:10.291026845Z,ACTIVITY_TYPE_TRADE,enwc-uspres-nom-rep-2028-jdvan,SELL,ORDER_INTENT_SELL_LONG,0.56,3,C28MWSEBCDK1,passive,-0.07,2026-08-24T01:24:50.066337820Z,1.089,-0.01,0,1,ORDER_STATE_FILLED,UNSOLICITED_CXL_REASON_UNDEFINED,ORD_REJECT_REASON_EXCHANGE_OPTION,,
1787538896.8,2026-08-24T02:34:56.776958950Z,ACTIVITY_TYPE_TRADE,paccc-balpow-2026-11-03-rsweep,BUY,ORDER_INTENT_SELL_SHORT,0.13,0.74,C28D0WZ2GDK1,passive,-0.57,2026-08-24T01:07:28.592876727Z,1.458,0,0,1,ORDER_STATE_PARTIALLY_FILLED,UNSOLICITED_CXL_REASON_UNDEFINED,ORD_REJECT_REASON_EXCHANGE_OPTION,,
1787538896.8,2026-08-24T02:34:56.776958950Z,ACTIVITY_TYPE_TRADE,paccc-balpow-2026-11-03-rsweep,BUY,ORDER_INTENT_SELL_SHORT,0.14,5,C28D18VJ8DJP,passive,-3.82,2026-08-24T01:07:23.527903588Z,1.459,-0.01,0,1,ORDER_STATE_FILLED,UNSOLICITED_CXL_REASON_UNDEFINED,ORD_REJECT_REASON_EXCHANGE_OPTION,,
1787538917.5,2026-08-24T02:35:17.481859579Z,ACTIVITY_TYPE_TRADE,aachc-cfb-wins-2026-11-28-colst-1pt5wins,SELL,ORDER_INTENT_BUY_SHORT,0.6,0.01,C1TQJHXSJDJP,passive,,2026-08-23T09:12:26.026890280Z,17.381,0,0,1,ORDER_STATE_FILLED,UNSOLICITED_CXL_REASON_UNDEFINED,ORD_REJECT_REASON_EXCHANGE_OPTION,,
1787538939.2,2026-08-24T02:35:39.178085294Z,ACTIVITY_TYPE_TRADE,aachc-cfb-wins-2026-11-28-sdst-8pt5wins,BUY,ORDER_INTENT_BUY_LONG,0.41,0.01,C20AJTKKWDKA,passive,,2026-08-23T15:42:12.069237435Z,10.891,0,0,1,ORDER_STATE_FILLED,UNSOLICITED_CXL_REASON_UNDEFINED,ORD_REJECT_REASON_EXCHANGE_OPTION,,
1787538942.3,2026-08-24T02:35:42.315642479Z,ACTIVITY_TYPE_TRADE,aachc-cfb-wins-2026-11-28-ncar-3pt5wins,SELL,ORDER_INTENT_BUY_SHORT,0.56,0.01,C1Y41WD00DK5,passive,,2026-08-23T13:09:57.761551546Z,13.429,0,0,1,ORDER_STATE_FILLED,UNSOLICITED_CXL_REASON_UNDEFINED,ORD_REJECT_REASON_EXCHANGE_OPTION,,
1787538945.7,2026-08-24T02:35:45.694535490Z,ACTIVITY_TYPE_TRADE,aachc-cfb-wins-2026-11-28-stan-4pt5wins,BUY,ORDER_INTENT_BUY_LONG,0.59,0.01,C1SA0ZRSPDKA,passive,,2026-08-23T07:33:23.157652230Z,19.04,0,0,1,ORDER_STATE_FILLED,UNSOLICITED_CXL_REASON_UNDEFINED,ORD_REJECT_REASON_EXCHANGE_OPTION,,
1787538949.4,2026-08-24T02:35:49.357617299Z,ACTIVITY_TYPE_TRADE,aachc-cfb-wins-2026-11-28-fl-8pt5wins,BUY,ORDER_INTENT_BUY_LONG,0.47,0.01,C2117KMNPDJP,passive,,2026-08-23T16:32:05.690473234Z,10.062,0,0,1,ORDER_STATE_FILLED,UNSOLICITED_CXL_REASON_UNDEFINED,ORD_REJECT_REASON_EXCHANGE_OPTION,,
1787538966.9,2026-08-24T02:36:06.879155245Z,ACTIVITY_TYPE_TRADE,usgovcc-26mid-rep-2026-11-03-lte19,BUY,ORDER_INTENT_BUY_LONG,0.33,0.05,C13SPRPJ8DJP,passive,,2026-08-22T06:29:09.430652190Z,44.116,0,0,1,ORDER_STATE_FILLED,UNSOLICITED_CXL_REASON_UNDEFINED,ORD_REJECT_REASON_EXCHANGE_OPTION,,
1787538986.6,2026-08-24T02:36:26.619367249Z,ACTIVITY_TYPE_TRADE,aachc-cfb-wins-2026-11-28-byu-6pt5wins,BUY,ORDER_INTENT_BUY_LONG,0.92,0.01,C21AZTKP2DJR,passive,,2026-08-23T16:52:57.371253032Z,9.725,0,0,1,ORDER_STATE_FILLED,UNSOLICITED_CXL_REASON_UNDEFINED,ORD_REJECT_REASON_EXCHANGE_OPTION,,
1787539002.7,2026-08-24T02:36:42.729606292Z,ACTIVITY_TYPE_TRADE,aachc-cfb-wins-2026-11-28-ark-3pt5wins,SELL,ORDER_INTENT_BUY_SHORT,0.48,0.01,C21GTFNBEDK7,passive,,2026-08-23T17:05:45.377233477Z,9.516,0,0,1,ORDER_STATE_FILLED,UNSOLICITED_CXL_REASON_UNDEFINED,ORD_REJECT_REASON_EXCHANGE_OPTION,,
1787539002.7,2026-08-24T02:36:42.729606292Z,ACTIVITY_TYPE_TRADE,aachc-cfb-wins-2026-11-28-ark-3pt5wins,SELL,ORDER_INTENT_BUY_SHORT,0.48,0.01,C1WV8EDQEDJP,passive,,2026-08-23T11:53:02.763539653Z,14.728,0,0,1,ORDER_STATE_FILLED,UNSOLICITED_CXL_REASON_UNDEFINED,ORD_REJECT_REASON_EXCHANGE_OPTION,,
1787539003.6,2026-08-24T02:36:43.629670430Z,ACTIVITY_TYPE_TRADE,enwc-ussep-ma-2026-09-01-dem-edmark,BUY,ORDER_INTENT_BUY_LONG,0.96,1,C29MX5M4YDJP,passive,,2026-08-24T02:36:18.341932461Z,0.007,0,0,1,ORDER_STATE_FILLED,UNSOLICITED_CXL_REASON_UNDEFINED,ORD_REJECT_REASON_EXCHANGE_OPTION,,
1787539024.5,2026-08-24T02:37:04.468477942Z,ACTIVITY_TYPE_TRADE,aachc-cfb-wins-2026-11-28-colst-2pt5wins,BUY,ORDER_INTENT_BUY_LONG,0.76,0.01,C21MJXT94DK2,passive,,2026-08-23T17:13:49.325335178Z,9.388,0,0,1,ORDER_STATE_FILLED,UNSOLICITED_CXL_REASON_UNDEFINED,ORD_REJECT_REASON_EXCHANGE_OPTION,,
1787539046.6,2026-08-24T02:37:26.552912420Z,ACTIVITY_TYPE_TRADE,usgovcc-26mid-rep-2026-11-03-20-21,BUY,ORDER_INTENT_BUY_LONG,0.33,1.51,C29KYYE9GDJV,passive,,2026-08-24T02:34:18.974848748Z,0.052,0,0,1,ORDER_STATE_FILLED,UNSOLICITED_CXL_REASON_UNDEFINED,ORD_REJECT_REASON_EXCHANGE_OPTION,,
1787539046.6,2026-08-24T02:37:26.552912420Z,ACTIVITY_TYPE_TRADE,usgovcc-26mid-rep-2026-11-03-20-21,BUY,ORDER_INTENT_BUY_LONG,0.33,0.05,C1APBKC2TDK5,passive,,2026-08-22T14:30:17.347310135Z,36.119,0,0,1,ORDER_STATE_FILLED,UNSOLICITED_CXL_REASON_UNDEFINED,ORD_REJECT_REASON_EXCHANGE_OPTION,,
1787539051.6,2026-08-24T02:37:31.550140424Z,ACTIVITY_TYPE_TRADE,aachc-cfb-wins-2026-11-28-pennst-8pt5wins,BUY,ORDER_INTENT_SELL_SHORT,0.74,0.01,C21C6NGVRDJR,passive,0.01,2026-08-23T16:55:56.208479823Z,9.693,0,0,1,ORDER_STATE_FILLED,UNSOLICITED_CXL_REASON_UNDEFINED,ORD_REJECT_REASON_EXCHANGE_OPTION,,
1787539101.5,2026-08-24T02:38:21.520873079Z,ACTIVITY_TYPE_TRADE,aachc-cfb-wins-ou-2026-11-28-ohiost,SELL,ORDER_INTENT_BUY_SHORT,0.33,0.01,C21KZH64GDK1,passive,,2026-08-23T17:12:47.756027930Z,9.426,0,0,1,ORDER_STATE_FILLED,UNSOLICITED_CXL_REASON_UNDEFINED,ORD_REJECT_REASON_EXCHANGE_OPTION,,
1787539101.7,2026-08-24T02:38:21.670545403Z,ACTIVITY_TYPE_TRADE,aachc-cfb-wins-2026-11-28-frest-8pt5wins,BUY,ORDER_INTENT_BUY_LONG,0.48,0.01,C1PBD2QW4DJR,passive,,2026-08-23T04:06:23.522675922Z,22.533,0,0,1,ORDER_STATE_FILLED,UNSOLICITED_CXL_REASON_UNDEFINED,ORD_REJECT_REASON_EXCHANGE_OPTION,,
1787539324.4,2026-08-24T02:42:04.388692746Z,ACTIVITY_TYPE_TRADE,usgovcc-26mid-rep-2026-11-03-24-25,SELL,ORDER_INTENT_SELL_LONG,0.1,1.4,C29K3YGQPDK5,passive,,2026-08-24T02:32:01.129127957Z,0.168,0,0,1,ORDER_STATE_FILLED,UNSOLICITED_CXL_REASON_UNDEFINED,ORD_REJECT_REASON_EXCHANGE_OPTION,,
1787539328.2,2026-08-24T02:42:08.185542299Z,ACTIVITY_TYPE_TRADE,ussewc-usse-ky-2026-11-03-rep,BUY,ORDER_INTENT_BUY_LONG,0.96,1,C29QBNNKEDK7,passive,,2026-08-24T02:42:00.921611594Z,0.002,0,0,1,ORDER_STATE_FILLED,UNSOLICITED_CXL_REASON_UNDEFINED,ORD_REJECT_REASON_EXCHANGE_OPTION,,
1787539348.1,2026-08-24T02:42:28.077115324Z,ACTIVITY_TYPE_TRADE,usgovcc-26mid-rep-2026-11-03-26-27,BUY,ORDER_INTENT_BUY_LONG,0.33,0.06,C178B316MDKA,passive,,2026-08-22T10:29:59.085734848Z,40.208,0,0,1,ORDER_STATE_FILLED,UNSOLICITED_CXL_REASON_UNDEFINED,ORD_REJECT_REASON_EXCHANGE_OPTION,,
1787539363.6,2026-08-24T02:42:43.642513374Z,ACTIVITY_TYPE_TRADE,usgovcc-26mid-rep-2026-11-03-28-29,BUY,ORDER_INTENT_BUY_LONG,0.33,0.05,C1781PCQEDJR,passive,,2026-08-22T10:29:56.170183862Z,40.213,0,0,1,ORDER_STATE_FILLED,UNSOLICITED_CXL_REASON_UNDEFINED,ORD_REJECT_REASON_EXCHANGE_OPTION,,
1787539382.5,2026-08-24T02:43:02.529557400Z,ACTIVITY_TYPE_TRADE,usgovcc-26mid-rep-2026-11-03-30-31,BUY,ORDER_INTENT_BUY_LONG,0.33,0.06,C12XK34Z0DK5,passive,,2026-08-22T05:27:31.671101557Z,45.259,0,0,1,ORDER_STATE_FILLED,UNSOLICITED_CXL_REASON_UNDEFINED,ORD_REJECT_REASON_EXCHANGE_OPTION,,
1787539388.6,2026-08-24T02:43:08.556794007Z,ACTIVITY_TYPE_TRADE,aachc-cfb-wins-2026-11-28-smu-7pt5wins,BUY,ORDER_INTENT_SELL_SHORT,0.69,0.5,C1X2T69DMDK0,passive,-0.01,2026-08-23T12:09:56.967779592Z,14.553,0,0,1,ORDER_STATE_PARTIALLY_FILLED,UNSOLICITED_CXL_REASON_UNDEFINED,ORD_REJECT_REASON_EXCHANGE_OPTION,,
1787539400.6,2026-08-24T02:43:20.596502691Z,ACTIVITY_TYPE_TRADE,usgovcc-26mid-rep-2026-11-03-gte32,BUY,ORDER_INTENT_BUY_LONG,0.33,0.05,C18YH8GSYDK5,passive,,2026-08-22T12:29:57.338444868Z,38.223,0,0,1,ORDER_STATE_FILLED,UNSOLICITED_CXL_REASON_UNDEFINED,ORD_REJECT_REASON_EXCHANGE_OPTION,,
1787539659.8,2026-08-24T02:47:39.786402357Z,ACTIVITY_TYPE_TRADE,usgubewc-usgub-ne-2026-11-03-dem,BUY,ORDER_INTENT_BUY_LONG,0.08,1,C297MQ26ADK1,passive,,2026-08-24T02:06:16.524489962Z,0.69,0,0,1,ORDER_STATE_FILLED,UNSOLICITED_CXL_REASON_UNDEFINED,ORD_REJECT_REASON_EXCHANGE_OPTION,,
1787540573.5,2026-08-24T03:02:53.531914839Z,ACTIVITY_TYPE_TRADE,enwc-uspres-nom-dem-2028-jonoss,BUY,ORDER_INTENT_BUY_LONG,0.24,1.1,C29A7Y6A8DK2,passive,,2026-08-24T02:12:01.567739099Z,0.848,0,0,1,ORDER_STATE_PARTIALLY_FILLED,UNSOLICITED_CXL_REASON_UNDEFINED,ORD_REJECT_REASON_EXCHANGE_OPTION,,
1787540704.7,2026-08-24T03:05:04.739902570Z,ACTIVITY_TYPE_TRADE,usgubewc-usgub-sc-2026-11-03-rep,BUY,ORDER_INTENT_BUY_LONG,0.96,1,C24NFEYNYDKA,passive,,2026-08-23T20:49:27.482686111Z,6.26,0,0,1,ORDER_STATE_FILLED,UNSOLICITED_CXL_REASON_UNDEFINED,ORD_REJECT_REASON_EXCHANGE_OPTION,,
1787541003.2,2026-08-24T03:10:03.199756532Z,ACTIVITY_TYPE_TRADE,aachc-cfb-wins-2026-11-28-stan-5pt5wins,BUY,ORDER_INTENT_BUY_LONG,0.48,0.5,C1NF5Z4QWDJP,passive,,2026-08-23T03:03:24.189176127Z,24.111,0,0,1,ORDER_STATE_FILLED,UNSOLICITED_CXL_REASON_UNDEFINED,ORD_REJECT_REASON_EXCHANGE_OPTION,,
1787541395.0,2026-08-24T03:16:34.983560357Z,ACTIVITY_TYPE_TRADE,enwc-uspres-nom-rep-2028-marrub,BUY,ORDER_INTENT_BUY_LONG,0.25,11,C28J113CGDK1,passive,,2026-08-24T01:18:01.275901454Z,1.976,-0.03,0,1,ORDER_STATE_PARTIALLY_FILLED,UNSOLICITED_CXL_REASON_UNDEFINED,ORD_REJECT_REASON_EXCHANGE_OPTION,,
1787541395.0,2026-08-24T03:16:34.983560357Z,ACTIVITY_TYPE_TRADE,enwc-uspres-nom-rep-2028-marrub,BUY,ORDER_INTENT_BUY_LONG,0.25,19,C24NSS83RDKA,passive,,2026-08-23T20:50:28.004266177Z,6.435,-0.04,0,1,ORDER_STATE_FILLED,UNSOLICITED_CXL_REASON_UNDEFINED,ORD_REJECT_REASON_EXCHANGE_OPTION,,
1787541449.7,2026-08-24T03:17:29.678088215Z,ACTIVITY_TYPE_TRADE,usgubewc-usgub-mn-2026-11-03-dem,BUY,ORDER_INTENT_BUY_LONG,0.95,1,C2A4QYWXADKA,passive,,2026-08-24T03:11:01.578540290Z,0.108,0,0,1,ORDER_STATE_FILLED,UNSOLICITED_CXL_REASON_UNDEFINED,ORD_REJECT_REASON_EXCHANGE_OPTION,,
1787542174.2,2026-08-24T03:29:34.151194902Z,ACTIVITY_TYPE_TRADE,aachc-cfb-wins-2026-11-28-smu-10pt5wins,BUY,ORDER_INTENT_BUY_LONG,0.34,0.01,C215HW89YDK1,passive,,2026-08-23T16:40:56.827448093Z,10.81,0,0,1,ORDER_STATE_FILLED,UNSOLICITED_CXL_REASON_UNDEFINED,ORD_REJECT_REASON_EXCHANGE_OPTION,,
1787542231.3,2026-08-24T03:30:31.312865758Z,ACTIVITY_TYPE_TRADE,aachc-cfb-wins-2026-11-28-uk-3pt5wins,BUY,ORDER_INTENT_BUY_LONG,0.94,0.01,C1TXHQ4ZRDJV,passive,,2026-08-23T09:25:22.722287296Z,18.086,0,0,1,ORDER_STATE_FILLED,UNSOLICITED_CXL_REASON_UNDEFINED,ORD_REJECT_REASON_EXCHANGE_OPTION,,
1787542442.2,2026-08-24T03:34:02.151785445Z,ACTIVITY_TYPE_TRADE,usgubewc-usgub-tn-2026-11-03-dem,SELL,ORDER_INTENT_BUY_SHORT,0.02,5,C2AE4JMCWDK2,passive,,2026-08-24T03:33:00.387396718Z,0.017,0,0,1,ORDER_STATE_FILLED,UNSOLICITED_CXL_REASON_UNDEFINED,ORD_REJECT_REASON_EXCHANGE_OPTION,,
1787542517.3,2026-08-24T03:35:17.325744211Z,ACTIVITY_TYPE_TRADE,scc-hrep-rep-2026-11-03-gte230,SELL,ORDER_INTENT_BUY_SHORT,0.04,1.28,C2ACHFAACDK2,passive,,2026-08-24T03:29:04.096261032Z,0.104,0,0,1,ORDER_STATE_PARTIALLY_FILLED,UNSOLICITED_CXL_REASON_UNDEFINED,ORD_REJECT_REASON_EXCHANGE_OPTION,,
1787542523.8,2026-08-24T03:35:23.789175578Z,ACTIVITY_TYPE_TRADE,usgovcc-demvrep-2026-11-03-rep,SELL,ORDER_INTENT_BUY_SHORT,0.24,5,C29M9V35MDJP,passive,,2026-08-24T02:35:08.323316155Z,1.004,-0.01,0,1,ORDER_STATE_FILLED,UNSOLICITED_CXL_REASON_UNDEFINED,ORD_REJECT_REASON_EXCHANGE_OPTION,,
1787542540.3,2026-08-24T03:35:40.256969956Z,ACTIVITY_TYPE_TRADE,usgovcc-demvrep-2026-11-03-dem,BUY,ORDER_INTENT_BUY_LONG,0.64,5,C29M18N9JDK0,passive,,2026-08-24T02:34:37.161636235Z,1.018,-0.01,0,1,ORDER_STATE_FILLED,UNSOLICITED_CXL_REASON_UNDEFINED,ORD_REJECT_REASON_EXCHANGE_OPTION,,
1787542725.6,2026-08-24T03:38:45.642546002Z,ACTIVITY_TYPE_TRADE,aachc-cfb-wins-2026-11-28-ga-11pt5wins,SELL,ORDER_INTENT_BUY_SHORT,0.02,0.01,C1XH8XVEGDJR,passive,,2026-08-23T12:39:55.836559364Z,14.981,0,0,1,ORDER_STATE_FILLED,UNSOLICITED_CXL_REASON_UNDEFINED,ORD_REJECT_REASON_EXCHANGE_OPTION,,
1787542777.3,2026-08-24T03:39:37.286984365Z,ACTIVITY_TYPE_TRADE,aachc-cfb-wins-2026-11-28-aubrn-4pt5wins,BUY,ORDER_INTENT_BUY_LONG,0.98,0.01,C218C865YDK2,passive,,2026-08-23T16:46:57.321468854Z,10.878,0,0,1,ORDER_STATE_FILLED,UNSOLICITED_CXL_REASON_UNDEFINED,ORD_REJECT_REASON_EXCHANGE_OPTION,,
1787542777.3,2026-08-24T03:39:37.286984365Z,ACTIVITY_TYPE_TRADE,aachc-cfb-wins-2026-11-28-aubrn-4pt5wins,BUY,ORDER_INTENT_SELL_SHORT,0.98,0.01,C20CD961YDJP,passive,0.01,2026-08-23T15:46:14.910491049Z,11.89,0,0,1,ORDER_STATE_FILLED,UNSOLICITED_CXL_REASON_UNDEFINED,ORD_REJECT_REASON_EXCHANGE_OPTION,,
1787543069.3,2026-08-24T03:44:29.280401240Z,ACTIVITY_TYPE_TRADE,ussewc-usse-ky-2026-11-03-rep,BUY,ORDER_INTENT_BUY_LONG,0.95,1,C2AKBP28WDK2,passive,,2026-08-24T03:44:21.261391367Z,0.002,0,0,1,ORDER_STATE_FILLED,UNSOLICITED_CXL_REASON_UNDEFINED,ORD_REJECT_REASON_EXCHANGE_OPTION,,
1787543075.2,2026-08-24T03:44:35.184721620Z,ACTIVITY_TYPE_TRADE,ewc-usp-2028-11-07-gleyou,SELL,ORDER_INTENT_SELL_LONG,0.03,1.22,C077HXYX0DK5,passive,-0.01,2026-08-20T21:11:38.722604631Z,78.549,0,0,1,ORDER_STATE_PARTIALLY_FILLED,UNSOLICITED_CXL_REASON_UNDEFINED,ORD_REJECT_REASON_EXCHANGE_OPTION,,
1787543075.2,2026-08-24T03:44:35.184721620Z,ACTIVITY_TYPE_TRADE,ewc-usp-2028-11-07-gleyou,SELL,ORDER_INTENT_SELL_LONG,0.03,1,C070X7DJPDK1,passive,-0.01,2026-08-20T20:56:03.993307647Z,78.809,0,0,1,ORDER_STATE_FILLED,UNSOLICITED_CXL_REASON_UNDEFINED,ORD_REJECT_REASON_EXCHANGE_OPTION,,
1787543353.6,2026-08-24T03:49:13.625349222Z,ACTIVITY_TYPE_TRADE,enwc-uspres-nom-dem-2028-rokha,SELL,ORDER_INTENT_SELL_LONG,0.04,0.55,C27FCXNY2DK0,passive,-0.03,2026-08-24T00:02:38.408768039Z,3.776,0,0,1,ORDER_STATE_PARTIALLY_FILLED,UNSOLICITED_CXL_REASON_UNDEFINED,ORD_REJECT_REASON_EXCHANGE_OPTION,,
1787543551.7,2026-08-24T03:52:31.715792948Z,ACTIVITY_TYPE_TRADE,usgubewc-usgub-ok-2026-11-03-dem,SELL,ORDER_INTENT_BUY_SHORT,0.04,1,C2AKBNVCMDK2,passive,,2026-08-24T03:44:04.391244777Z,0.141,0,0,1,ORDER_STATE_FILLED,UNSOLICITED_CXL_REASON_UNDEFINED,ORD_REJECT_REASON_EXCHANGE_OPTION,,
1787543732.1,2026-08-24T03:55:32.135053482Z,ACTIVITY_TYPE_TRADE,aachc-cfb-wins-2026-11-28-mich-7pt5wins,BUY,ORDER_INTENT_BUY_LONG,0.71,0.01,C1YDQMBPGDK7,passive,,2026-08-23T13:28:51.570387128Z,14.445,0,0,1,ORDER_STATE_FILLED,UNSOLICITED_CXL_REASON_UNDEFINED,ORD_REJECT_REASON_EXCHANGE_OPTION,,
1787544072.0,2026-08-24T04:01:11.967047957Z,ACTIVITY_TYPE_TRADE,aachc-cfb-wins-2026-11-28-col-5pt5wins,SELL,ORDER_INTENT_BUY_SHORT,0.34,0.2,C1Z48CS6ADJT,passive,,2026-08-23T14:19:11.482041380Z,13.7,0,0,1,ORDER_STATE_FILLED,UNSOLICITED_CXL_REASON_UNDEFINED,ORD_REJECT_REASON_EXCHANGE_OPTION,,
1787544148.7,2026-08-24T04:02:28.711924373Z,ACTIVITY_TYPE_TRADE,enwc-uspres-nom-dem-2028-gavnew,BUY,ORDER_INTENT_BUY_LONG,0.23,31.61,C274KCH64DJP,passive,,2026-08-23T23:38:41.648403374Z,4.396,-0.07,0,1,ORDER_STATE_PARTIALLY_FILLED,UNSOLICITED_CXL_REASON_UNDEFINED,ORD_REJECT_REASON_EXCHANGE_OPTION,,
1787544554.3,2026-08-24T04:09:14.284823617Z,ACTIVITY_TYPE_TRADE,enwc-uspres-nom-dem-2028-gavnew,SELL,ORDER_INTENT_SELL_LONG,0.25,31,C2AWGTBDJDK0,passive,3.63,2026-08-24T04:03:17.432380168Z,0.099,-0.07,0,1,ORDER_STATE_FILLED,UNSOLICITED_CXL_REASON_UNDEFINED,ORD_REJECT_REASON_EXCHANGE_OPTION,,
1787544554.3,2026-08-24T04:09:14.284823617Z,ACTIVITY_TYPE_TRADE,enwc-uspres-nom-dem-2028-gavnew,SELL,ORDER_INTENT_SELL_LONG,0.25,1,C25N78CGEDK2,passive,0.11,2026-08-23T21:55:26.933651643Z,6.23,0,0,1,ORDER_STATE_FILLED,UNSOLICITED_CXL_REASON_UNDEFINED,ORD_REJECT_REASON_EXCHANGE_OPTION,,
1787546740.5,2026-08-24T04:45:40.497750138Z,ACTIVITY_TYPE_TRADE,aachc-cfb-wins-2026-11-28-mary-4pt5wins,BUY,ORDER_INTENT_BUY_LONG,0.77,0.2,C1TFXE1ZADKA,passive,,2026-08-23T08:55:23.079427980Z,19.838,0,0,1,ORDER_STATE_FILLED,UNSOLICITED_CXL_REASON_UNDEFINED,ORD_REJECT_REASON_EXCHANGE_OPTION,,
1787546740.6,2026-08-24T04:45:40.642110175Z,ACTIVITY_TYPE_TRADE,aachc-cfb-wins-2026-11-28-mary-3pt5wins,SELL,ORDER_INTENT_BUY_SHORT,0.7,0.01,C2111M8CCDKA,passive,,2026-08-23T16:32:04.292196975Z,12.227,0,0,1,ORDER_STATE_FILLED,UNSOLICITED_CXL_REASON_UNDEFINED,ORD_REJECT_REASON_EXCHANGE_OPTION,,
1787546743.5,2026-08-24T04:45:43.496567588Z,ACTIVITY_TYPE_TRADE,aachc-cfb-wins-2026-11-28-mary-5pt5wins,BUY,ORDER_INTENT_BUY_LONG,0.56,0.5,C0RSQQ64JDK7,passive,,2026-08-21T17:39:42.766164088Z,59.1,0,0,1,ORDER_STATE_FILLED,UNSOLICITED_CXL_REASON_UNDEFINED,ORD_REJECT_REASON_EXCHANGE_OPTION,,
1787546776.7,2026-08-24T04:46:16.744401558Z,ACTIVITY_TYPE_TRADE,aachc-cfb-wins-2026-11-28-miss-6pt5wins,BUY,ORDER_INTENT_SELL_SHORT,0.91,1,C1T4ZVM2ADKA,passive,0.37,2026-08-23T08:32:24.813409077Z,20.231,0,0,1,ORDER_STATE_FILLED,UNSOLICITED_CXL_REASON_UNDEFINED,ORD_REJECT_REASON_EXCHANGE_OPTION,,
1787546835.0,2026-08-24T04:47:14.958368319Z,ACTIVITY_TYPE_TRADE,aachc-cfb-wins-2026-11-28-nw-7pt5wins,BUY,ORDER_INTENT_BUY_LONG,0.3,1,C0WFHVPG6DK1,passive,,2026-08-21T21:56:53.474082402Z,54.839,0,0,1,ORDER_STATE_FILLED,UNSOLICITED_CXL_REASON_UNDEFINED,ORD_REJECT_REASON_EXCHANGE_OPTION,,
1787546916.3,2026-08-24T04:48:36.281605387Z,ACTIVITY_TYPE_TRADE,aachc-cfb-wins-2026-11-28-tcu-6pt5wins,SELL,ORDER_INTENT_BUY_SHORT,0.52,0.2,C207R81PTDJV,passive,,2026-08-23T15:36:15.152166018Z,13.206,0,0,1,ORDER_STATE_FILLED,UNSOLICITED_CXL_REASON_UNDEFINED,ORD_REJECT_REASON_EXCHANGE_OPTION,,
1787546960.6,2026-08-24T04:49:20.581349286Z,ACTIVITY_TYPE_TRADE,aachc-cfb-wins-2026-11-28-ucf-4pt5wins,BUY,ORDER_INTENT_BUY_LONG,0.88,0.2,C1XSXW38WDJT,passive,,2026-08-23T12:58:03.609751718Z,15.855,0,0,1,ORDER_STATE_FILLED,UNSOLICITED_CXL_REASON_UNDEFINED,ORD_REJECT_REASON_EXCHANGE_OPTION,,
1787546960.6,2026-08-24T04:49:20.602865379Z,ACTIVITY_TYPE_TRADE,aachc-cfb-wins-2026-11-28-ucf-3pt5wins,SELL,ORDER_INTENT_BUY_SHORT,0.76,0.01,C16V6GBV4DK2,passive,,2026-08-22T10:02:19.286718102Z,42.784,0,0,1,ORDER_STATE_FILLED,UNSOLICITED_CXL_REASON_UNDEFINED,ORD_REJECT_REASON_EXCHANGE_OPTION,,
1787547025.4,2026-08-24T04:50:25.449450002Z,ACTIVITY_TYPE_TRADE,aachc-cfb-wins-2026-11-28-vir-7pt5wins,BUY,ORDER_INTENT_SELL_SHORT,0.66,1,C1WRYJAM2DK0,passive,-0.01,2026-08-23T11:44:59.800038606Z,17.09,0,0,1,ORDER_STATE_FILLED,UNSOLICITED_CXL_REASON_UNDEFINED,ORD_REJECT_REASON_EXCHANGE_OPTION,,
1787547081.7,2026-08-24T04:51:21.746421687Z,ACTIVITY_TYPE_TRADE,aachc-cfb-wins-2026-11-28-wvir-7pt5wins,BUY,ORDER_INTENT_BUY_LONG,0.38,0.01,C1PJVZ200DK1,passive,,2026-08-23T04:22:24.069924521Z,24.483,0,0,1,ORDER_STATE_FILLED,UNSOLICITED_CXL_REASON_UNDEFINED,ORD_REJECT_REASON_EXCHANGE_OPTION,,
1787547307.1,2026-08-24T04:55:07.074207992Z,ACTIVITY_TYPE_TRADE,scc-hrep-rep-2026-11-03-gte215,BUY,ORDER_INTENT_BUY_LONG,0.13,1,C2B4P3QSPDK5,passive,,2026-08-24T04:22:01.453763451Z,0.552,0,0,1,ORDER_STATE_FILLED,UNSOLICITED_CXL_REASON_UNDEFINED,ORD_REJECT_REASON_EXCHANGE_OPTION,,
1787547535.7,2026-08-24T04:58:55.660316911Z,ACTIVITY_TYPE_TRADE,usgubewc-usgub-il-2026-11-03-rep,SELL,ORDER_INTENT_SELL_LONG,0.02,3,C27S9NC0EDJP,passive,-0.25,2026-08-24T00:23:35.066690199Z,4.589,0,0,1,ORDER_STATE_FILLED,UNSOLICITED_CXL_REASON_UNDEFINED,ORD_REJECT_REASON_EXCHANGE_OPTION,,
1787547552.7,2026-08-24T04:59:12.704106639Z,ACTIVITY_TYPE_TRADE,aachc-cfb-wins-2026-11-28-mary-7pt5wins,SELL,ORDER_INTENT_BUY_SHORT,0.02,0.01,C1CQEQFQWDK0,passive,,2026-08-22T16:51:47.959150627Z,36.124,0,0,1,ORDER_STATE_FILLED,UNSOLICITED_CXL_REASON_UNDEFINED,ORD_REJECT_REASON_EXCHANGE_OPTION,,
1787549361.4,2026-08-24T05:29:21.358222520Z,ACTIVITY_TYPE_TRADE,scc-hrep-rep-2026-11-03-gte215,BUY,ORDER_INTENT_BUY_LONG,0.13,1,C2C0NZ374DJV,passive,,2026-08-24T05:23:18.410094227Z,0.101,0,0,1,ORDER_STATE_FILLED,UNSOLICITED_CXL_REASON_UNDEFINED,ORD_REJECT_REASON_EXCHANGE_OPTION,,
1787550399.1,2026-08-24T05:46:39.062167402Z,ACTIVITY_TYPE_TRADE,ussewc-usse-ky-2026-11-03-rep,BUY,ORDER_INTENT_BUY_LONG,0.96,0.94,C2CBK1REWDK7,passive,,2026-08-24T05:46:17.177376523Z,0.006,0,0,1,ORDER_STATE_PARTIALLY_FILLED,UNSOLICITED_CXL_REASON_UNDEFINED,ORD_REJECT_REASON_EXCHANGE_OPTION,,
1787551612.9,2026-08-24T06:06:52.862132443Z,ACTIVITY_TYPE_TRADE,usgubewc-usgub-ny-2026-11-03-dem,SELL,ORDER_INTENT_SELL_LONG,0.94,0.52,C1MWZSQGMDJR,passive,0.23,2026-08-23T02:22:26.050711888Z,27.741,0,0,1,ORDER_STATE_PARTIALLY_FILLED,UNSOLICITED_CXL_REASON_UNDEFINED,ORD_REJECT_REASON_EXCHANGE_OPTION,,
1787551873.4,2026-08-24T06:11:13.384153157Z,ACTIVITY_TYPE_TRADE,usgubewc-usgub-ri-2026-11-03-dem,BUY,ORDER_INTENT_BUY_LONG,0.98,1,C2BFZ1HP0DJR,passive,,2026-08-24T04:45:16.585882902Z,1.432,0,0,1,ORDER_STATE_FILLED,UNSOLICITED_CXL_REASON_UNDEFINED,ORD_REJECT_REASON_EXCHANGE_OPTION,,
1787551873.4,2026-08-24T06:11:13.384153157Z,ACTIVITY_TYPE_TRADE,usgubewc-usgub-ri-2026-11-03-dem,BUY,ORDER_INTENT_BUY_LONG,0.98,1,C2AM05DXEDJV,passive,,2026-08-24T03:45:17.922316081Z,2.432,0,0,1,ORDER_STATE_FILLED,UNSOLICITED_CXL_REASON_UNDEFINED,ORD_REJECT_REASON_EXCHANGE_OPTION,,
1787551898.0,2026-08-24T06:11:38.044112424Z,ACTIVITY_TYPE_TRADE,aachc-cfb-wins-2026-11-28-sc-5pt5wins,BUY,ORDER_INTENT_BUY_LONG,0.88,0.01,C20TWFRYPDK2,passive,,2026-08-23T16:18:15.783234723Z,13.89,0,0,1,ORDER_STATE_FILLED,UNSOLICITED_CXL_REASON_UNDEFINED,ORD_REJECT_REASON_EXCHANGE_OPTION,,
1787551898.7,2026-08-24T06:11:38.678479761Z,ACTIVITY_TYPE_TRADE,aachc-cfb-wins-2026-11-28-txam-7pt5wins,BUY,ORDER_INTENT_BUY_LONG,0.82,0.01,C21JX1CS4DKA,passive,,2026-08-23T17:09:56.349784046Z,13.028,0,0,1,ORDER_STATE_FILLED,UNSOLICITED_CXL_REASON_UNDEFINED,ORD_REJECT_REASON_EXCHANGE_OPTION,,
1787551925.2,2026-08-24T06:12:05.157572131Z,ACTIVITY_TYPE_TRADE,aachc-cfb-wins-2026-11-28-sc-4pt5wins,BUY,ORDER_INTENT_BUY_LONG,0.98,0.01,C21CC61V4DJP,passive,,2026-08-23T16:55:56.816473604Z,13.269,0,0,1,ORDER_STATE_FILLED,UNSOLICITED_CXL_REASON_UNDEFINED,ORD_REJECT_REASON_EXCHANGE_OPTION,,
1787552025.3,2026-08-24T06:13:45.324173890Z,ACTIVITY_TYPE_TRADE,ussewc-usse-ri-2026-11-03-dem,BUY,ORDER_INTENT_SELL_SHORT,0.98,1,C24R5K5V6DK5,passive,0.9,2026-08-23T20:54:54.892079537Z,9.314,0,0,1,ORDER_STATE_PARTIALLY_FILLED,UNSOLICITED_CXL_REASON_UNDEFINED,ORD_REJECT_REASON_EXCHANGE_OPTION,,
1787552704.0,2026-08-24T06:25:03.999335192Z,ACTIVITY_TYPE_TRADE,aachc-cfb-wins-2026-11-28-txam-6pt5wins,BUY,ORDER_INTENT_BUY_LONG,0.88,0.01,C20AHDKJ8DK7,passive,,2026-08-23T15:42:12.835997672Z,14.714,0,0,1,ORDER_STATE_FILLED,UNSOLICITED_CXL_REASON_UNDEFINED,ORD_REJECT_REASON_EXCHANGE_OPTION,,
1787553113.7,2026-08-24T06:31:53.697298567Z,ACTIVITY_TYPE_TRADE,usgubewc-usgub-ny-2026-11-03-dem,BUY,ORDER_INTENT_SELL_SHORT,0.93,1,C2CNYKYE2DJT,passive,0.42,2026-08-24T06:08:16.345813843Z,0.394,0,0,1,ORDER_STATE_FILLED,UNSOLICITED_CXL_REASON_UNDEFINED,ORD_REJECT_REASON_EXCHANGE_OPTION,,
1787554100.8,2026-08-24T06:48:20.774103516Z,ACTIVITY_TYPE_TRADE,ussewc-usse-ky-2026-11-03-rep,BUY,ORDER_INTENT_BUY_LONG,0.95,1,C2D79RNE4DJP,passive,,2026-08-24T06:48:17.045937246Z,0.001,0,0,1,ORDER_STATE_FILLED,UNSOLICITED_CXL_REASON_UNDEFINED,ORD_REJECT_REASON_EXCHANGE_OPTION,,
1787554996.7,2026-08-24T07:03:16.663688725Z,ACTIVITY_TYPE_TRADE,usgovcc-26mid-rep-2026-11-03-24-25,BUY,ORDER_INTENT_BUY_LONG,0.18,0.27,C2DEKJJZYDJR,passive,0.03,2026-08-24T07:03:07.288288664Z,0.003,0,0,1,ORDER_STATE_PARTIALLY_FILLED,UNSOLICITED_CXL_REASON_UNDEFINED,ORD_REJECT_REASON_EXCHANGE_OPTION,,
1787554996.7,2026-08-24T07:03:16.663688725Z,ACTIVITY_TYPE_TRADE,usgovcc-26mid-rep-2026-11-03-24-25,BUY,ORDER_INTENT_BUY_LONG,0.18,0.07,C2CZ18RR2DJR,passive,0.01,2026-08-24T06:39:23.528602957Z,0.398,0,0,1,ORDER_STATE_FILLED,UNSOLICITED_CXL_REASON_UNDEFINED,ORD_REJECT_REASON_EXCHANGE_OPTION,,
1787554996.7,2026-08-24T07:03:16.663688725Z,ACTIVITY_TYPE_TRADE,usgovcc-26mid-rep-2026-11-03-24-25,BUY,ORDER_INTENT_BUY_LONG,0.18,0.66,C2CXTZ554DK5,passive,0.06,2026-08-24T06:35:43.688420941Z,0.459,0,0,1,ORDER_STATE_FILLED,UNSOLICITED_CXL_REASON_UNDEFINED,ORD_REJECT_REASON_EXCHANGE_OPTION,,
1787556866.0,2026-08-24T07:34:25.969762036Z,ACTIVITY_TYPE_TRADE,ussewc-usse-sd-2026-11-03-briben,SELL,ORDER_INTENT_SELL_LONG,0.02,0.91,C2DWYBQY4DK2,passive,-0.1,2026-08-24T07:34:20.786711019Z,0.001,0,0,1,ORDER_STATE_PARTIALLY_FILLED,UNSOLICITED_CXL_REASON_UNDEFINED,ORD_REJECT_REASON_EXCHANGE_OPTION,,
1787556867.1,2026-08-24T07:34:27.069791478Z,ACTIVITY_TYPE_TRADE,ussewc-usse-sd-2026-11-03-briben,SELL,ORDER_INTENT_SELL_LONG,0.02,0.09,C2DWYBQY4DK2,passive,-0.01,2026-08-24T07:34:20.786711019Z,0.002,0,0,1,ORDER_STATE_FILLED,UNSOLICITED_CXL_REASON_UNDEFINED,ORD_REJECT_REASON_EXCHANGE_OPTION,,
1787557719.7,2026-08-24T07:48:39.743457873Z,ACTIVITY_TYPE_TRADE,ussewc-usse-ky-2026-11-03-rep,BUY,ORDER_INTENT_BUY_LONG,0.95,1,C2E3DMNXEDK5,passive,,2026-08-24T07:48:16.809601274Z,0.006,0,0,1,ORDER_STATE_FILLED,UNSOLICITED_CXL_REASON_UNDEFINED,ORD_REJECT_REASON_EXCHANGE_OPTION,,
1787559078.7,2026-08-24T08:11:18.712241609Z,ACTIVITY_TYPE_TRADE,enwc-uspres-nom-dem-2028-jonoss,SELL,ORDER_INTENT_SELL_LONG,0.25,12.41,C28AVMXJMDJP,passive,-35.68,2026-08-24T01:02:40.972649716Z,7.144,-0.03,0,1,ORDER_STATE_FILLED,UNSOLICITED_CXL_REASON_UNDEFINED,ORD_REJECT_REASON_EXCHANGE_OPTION,,
1787561484.0,2026-08-24T08:51:23.955223967Z,ACTIVITY_TYPE_TRADE,ussewc-usse-ky-2026-11-03-rep,BUY,ORDER_INTENT_BUY_LONG,0.95,0.95,C2F0C33F0DKA,passive,,2026-08-24T08:51:18.410581125Z,0.002,0,0,1,ORDER_STATE_PARTIALLY_FILLED,UNSOLICITED_CXL_REASON_UNDEFINED,ORD_REJECT_REASON_EXCHANGE_OPTION,,
1787565084.2,2026-08-24T09:51:24.241768737Z,ACTIVITY_TYPE_TRADE,ussewc-usse-ky-2026-11-03-rep,BUY,ORDER_INTENT_BUY_LONG,0.95,0.94,C2FVTC3ETDJP,passive,,2026-08-24T09:51:16.846194199Z,0.002,0,0,1,ORDER_STATE_PARTIALLY_FILLED,UNSOLICITED_CXL_REASON_UNDEFINED,ORD_REJECT_REASON_EXCHANGE_OPTION,,
1787565827.1,2026-08-24T10:03:47.143344658Z,ACTIVITY_TYPE_TRADE,usgubewc-usgub-ne-2026-11-03-rep,BUY,ORDER_INTENT_BUY_LONG,0.94,0.03,C2FM4RCA2DK0,passive,,2026-08-24T09:34:20.786262828Z,0.491,0,0,1,ORDER_STATE_PARTIALLY_FILLED,UNSOLICITED_CXL_REASON_UNDEFINED,ORD_REJECT_REASON_EXCHANGE_OPTION,,
1787566458.5,2026-08-24T10:14:18.451198109Z,ACTIVITY_TYPE_TRADE,usgubewc-usgub-sc-2026-11-03-rep,SELL,ORDER_INTENT_SELL_LONG,0.96,9.72,C2G6JBK4GDKA,aggressor,0.24,2026-08-24T10:14:18.448044725Z,0,0.02,0,1,ORDER_STATE_FILLED,UNSOLICITED_CXL_REASON_UNDEFINED,ORD_REJECT_REASON_EXCHANGE_OPTION,,
1787566458.5,2026-08-24T10:14:18.451198109Z,ACTIVITY_TYPE_TRADE,usgubewc-usgub-sc-2026-11-03-rep,BUY,ORDER_INTENT_BUY_LONG,0.96,1,C2CXDEGD0DK0,passive,0.03,2026-08-24T06:34:33.801876604Z,3.662,0,0,1,ORDER_STATE_FILLED,UNSOLICITED_CXL_REASON_UNDEFINED,ORD_REJECT_REASON_EXCHANGE_OPTION,,
1787566458.5,2026-08-24T10:14:18.451198109Z,ACTIVITY_TYPE_TRADE,usgubewc-usgub-sc-2026-11-03-rep,BUY,ORDER_INTENT_BUY_LONG,0.96,0.26,C2CCX83HRDJT,passive,0.01,2026-08-24T05:50:01.553652540Z,4.405,0,0,1,ORDER_STATE_FILLED,UNSOLICITED_CXL_REASON_UNDEFINED,ORD_REJECT_REASON_EXCHANGE_OPTION,,
1787567269.3,2026-08-24T10:27:49.316792844Z,ACTIVITY_TYPE_TRADE,scc-hrep-rep-2026-11-03-gte230,SELL,ORDER_INTENT_BUY_SHORT,0.04,1,C2GCK9J52DJP,passive,,2026-08-24T10:27:48.274074728Z,0,0,0,1,ORDER_STATE_FILLED,UNSOLICITED_CXL_REASON_UNDEFINED,ORD_REJECT_REASON_EXCHANGE_OPTION,,
1787567456.9,2026-08-24T10:30:56.883188924Z,ACTIVITY_TYPE_TRADE,scc-hrep-rep-2026-11-03-gte215,BUY,ORDER_INTENT_BUY_LONG,0.22,0.29,C2G50MPQ4DJR,passive,,2026-08-24T10:10:55.373325493Z,0.334,0,0,1,ORDER_STATE_FILLED,UNSOLICITED_CXL_REASON_UNDEFINED,ORD_REJECT_REASON_EXCHANGE_OPTION,,
1787567456.9,2026-08-24T10:30:56.883188924Z,ACTIVITY_TYPE_TRADE,scc-hrep-rep-2026-11-03-gte215,BUY,ORDER_INTENT_BUY_LONG,0.22,2.72,C2FH5863GDJV,passive,,2026-08-24T09:27:40.973904239Z,1.054,-0.01,0,1,ORDER_STATE_FILLED,UNSOLICITED_CXL_REASON_UNDEFINED,ORD_REJECT_REASON_EXCHANGE_OPTION,,
1787568129.6,2026-08-24T10:42:09.584617263Z,ACTIVITY_TYPE_TRADE,aachc-cfb-wins-2026-11-28-iowast-5pt5wins,BUY,ORDER_INTENT_BUY_LONG,0.39,0.01,C1ZY81APRDJR,passive,,2026-08-23T15:16:13.113923643Z,19.432,0,0,1,ORDER_STATE_FILLED,UNSOLICITED_CXL_REASON_UNDEFINED,ORD_REJECT_REASON_EXCHANGE_OPTION,,
1787568138.0,2026-08-24T10:42:17.989587971Z,ACTIVITY_TYPE_TRADE,aachc-cfb-wins-2026-11-28-ohiost-11pt5wins,BUY,ORDER_INTENT_BUY_LONG,0.31,0.08,C21M1AMF0DJR,passive,,2026-08-23T17:12:47.329967620Z,17.492,0,0,1,ORDER_STATE_PARTIALLY_FILLED,UNSOLICITED_CXL_REASON_UNDEFINED,ORD_REJECT_REASON_EXCHANGE_OPTION,,
1787568139.6,2026-08-24T10:42:19.597488712Z,ACTIVITY_TYPE_TRADE,scc-hrep-rep-2026-11-03-gte215,BUY,ORDER_INTENT_BUY_LONG,0.11,1.72,C2GE4WB26DK7,passive,,2026-08-24T10:31:09.657542637Z,0.186,0,0,1,ORDER_STATE_PARTIALLY_FILLED,UNSOLICITED_CXL_REASON_UNDEFINED,ORD_REJECT_REASON_EXCHANGE_OPTION,,
1787568139.6,2026-08-24T10:42:19.597488712Z,ACTIVITY_TYPE_TRADE,scc-hrep-rep-2026-11-03-gte215,BUY,ORDER_INTENT_SELL_SHORT,0.17,1,C2GEG05GTDKA,passive,-0.74,2026-08-24T10:31:51.456850934Z,0.174,0,0,1,ORDER_STATE_FILLED,UNSOLICITED_CXL_REASON_UNDEFINED,ORD_REJECT_REASON_EXCHANGE_OPTION,,
1787568178.7,2026-08-24T10:42:58.663464165Z,ACTIVITY_TYPE_TRADE,enwc-uspres-nom-dem-2028-gavnew,BUY,ORDER_INTENT_BUY_LONG,0.23,50,C2CPY9R5TDK0,passive,,2026-08-24T06:11:00.977393307Z,4.533,-0.11,0,1,ORDER_STATE_FILLED,UNSOLICITED_CXL_REASON_UNDEFINED,ORD_REJECT_REASON_EXCHANGE_OPTION,,
1787568201.5,2026-08-24T10:43:21.499986335Z,ACTIVITY_TYPE_TRADE,usgubewc-usgub-fl-2026-11-03-rep,SELL,ORDER_INTENT_SELL_LONG,0.87,1,C1X0MRKKEDJR,passive,-29.94,2026-08-23T12:05:54.674590474Z,22.624,0,0,1,ORDER_STATE_FILLED,UNSOLICITED_CXL_REASON_UNDEFINED,ORD_REJECT_REASON_EXCHANGE_OPTION,,
1787568201.5,2026-08-24T10:43:21.499986335Z,ACTIVITY_TYPE_TRADE,usgubewc-usgub-fl-2026-11-03-rep,SELL,ORDER_INTENT_SELL_LONG,0.87,1,C1WBD23ACDK1,passive,-29.94,2026-08-23T11:05:26.348100311Z,23.632,0,0,1,ORDER_STATE_FILLED,UNSOLICITED_CXL_REASON_UNDEFINED,ORD_REJECT_REASON_EXCHANGE_OPTION,,
1787568201.5,2026-08-24T10:43:21.499986335Z,ACTIVITY_TYPE_TRADE,usgubewc-usgub-fl-2026-11-03-rep,SELL,ORDER_INTENT_SELL_LONG,0.87,21,C1VFWP6ZRDJP,passive,-628.74,2026-08-23T10:05:25.393884334Z,24.632,-0.03,0,1,ORDER_STATE_FILLED,UNSOLICITED_CXL_REASON_UNDEFINED,ORD_REJECT_REASON_EXCHANGE_OPTION,,
1787568343.9,2026-08-24T10:45:43.867787156Z,ACTIVITY_TYPE_TRADE,usgubewc-usgub-ne-2026-11-03-dem,SELL,ORDER_INTENT_SELL_LONG,0.09,1,C29TB1T16DJV,passive,0.01,2026-08-24T02:48:16.190739278Z,7.958,0,0,1,ORDER_STATE_FILLED,UNSOLICITED_CXL_REASON_UNDEFINED,ORD_REJECT_REASON_EXCHANGE_OPTION,,
1787568343.9,2026-08-24T10:45:43.867787156Z,ACTIVITY_TYPE_TRADE,usgubewc-usgub-ne-2026-11-03-dem,SELL,ORDER_INTENT_SELL_LONG,0.09,1,C28HNS528DJR,passive,0.01,2026-08-24T01:17:16.784335559Z,9.474,0,0,1,ORDER_STATE_FILLED,UNSOLICITED_CXL_REASON_UNDEFINED,ORD_REJECT_REASON_EXCHANGE_OPTION,,
1787568343.9,2026-08-24T10:45:43.867787156Z,ACTIVITY_TYPE_TRADE,usgubewc-usgub-ne-2026-11-03-dem,SELL,ORDER_INTENT_SELL_LONG,0.09,1,C243Q4S46DK2,passive,0.01,2026-08-23T20:12:05.519144344Z,14.561,0,0,1,ORDER_STATE_FILLED,UNSOLICITED_CXL_REASON_UNDEFINED,ORD_REJECT_REASON_EXCHANGE_OPTION,,
1787568343.9,2026-08-24T10:45:43.867787156Z,ACTIVITY_TYPE_TRADE,usgubewc-usgub-ne-2026-11-03-dem,SELL,ORDER_INTENT_SELL_LONG,0.09,2.68,C21DC0B82DKA,passive,0.03,2026-08-23T16:58:07.258020220Z,17.794,0,0,1,ORDER_STATE_FILLED,UNSOLICITED_CXL_REASON_UNDEFINED,ORD_REJECT_REASON_EXCHANGE_OPTION,,
1787568343.9,2026-08-24T10:45:43.867787156Z,ACTIVITY_TYPE_TRADE,usgubewc-usgub-ne-2026-11-03-dem,SELL,ORDER_INTENT_SELL_LONG,0.09,1,C1XXAM3J2DK2,passive,0.01,2026-08-23T13:02:59.696095940Z,21.712,0,0,1,ORDER_STATE_FILLED,UNSOLICITED_CXL_REASON_UNDEFINED,ORD_REJECT_REASON_EXCHANGE_OPTION,,
1787568351.9,2026-08-24T10:45:51.896505360Z,ACTIVITY_TYPE_TRADE,usgubewc-usgub-fl-2026-11-03-dem,SELL,ORDER_INTENT_BUY_SHORT,0.25,1,C2FTQ5ZKGDK7,passive,,2026-08-24T09:49:04.798697509Z,0.946,0,0,1,ORDER_STATE_FILLED,UNSOLICITED_CXL_REASON_UNDEFINED,ORD_REJECT_REASON_EXCHANGE_OPTION,,
1787568405.2,2026-08-24T10:46:45.194426555Z,ACTIVITY_TYPE_TRADE,enwc-uspres-nom-rep-2028-elomus,SELL,ORDER_INTENT_SELL_LONG,0.04,1,C2D4FJMR2DJT,passive,-0.04,2026-08-24T06:45:19.169820934Z,4.024,0,0,1,ORDER_STATE_FILLED,UNSOLICITED_CXL_REASON_UNDEFINED,ORD_REJECT_REASON_EXCHANGE_OPTION,,
1787568416.9,2026-08-24T10:46:56.855542553Z,ACTIVITY_TYPE_TRADE,enwc-uspres-nom-dem-2028-markel,SELL,ORDER_INTENT_SELL_LONG,0.11,4.17,C21DA26QADJT,passive,0.25,2026-08-23T16:58:24.522881324Z,17.809,-0.01,0,1,ORDER_STATE_FILLED,UNSOLICITED_CXL_REASON_UNDEFINED,ORD_REJECT_REASON_EXCHANGE_OPTION,,
1787568477.1,2026-08-24T10:47:57.052419662Z,ACTIVITY_TYPE_TRADE,enwc-uspres-nom-dem-2028-jonoss,SELL,ORDER_INTENT_SELL_LONG,0.25,1,C2EEFAF50DKA,passive,-2.88,2026-08-24T08:13:17.041909069Z,2.578,0,0,1,ORDER_STATE_FILLED,UNSOLICITED_CXL_REASON_UNDEFINED,ORD_REJECT_REASON_EXCHANGE_OPTION,,
1787568482.0,2026-08-24T10:48:01.980257359Z,ACTIVITY_TYPE_TRADE,paccc-balpow-2026-11-03-rsweep,SELL,ORDER_INTENT_BUY_SHORT,0.15,3,C28CV50Z6DJT,passive,,2026-08-24T01:07:01.509205984Z,9.683,0,0,1,ORDER_STATE_FILLED,UNSOLICITED_CXL_REASON_UNDEFINED,ORD_REJECT_REASON_EXCHANGE_OPTION,,
1787568482.0,2026-08-24T10:48:01.980257359Z,ACTIVITY_TYPE_TRADE,paccc-balpow-2026-11-03-rsweep,SELL,ORDER_INTENT_BUY_SHORT,0.14,5,C2G5T5X10DJP,passive,,2026-08-24T10:12:30.030394891Z,0.592,-0.01,0,1,ORDER_STATE_FILLED,UNSOLICITED_CXL_REASON_UNDEFINED,ORD_REJECT_REASON_EXCHANGE_OPTION,,
1787568539.9,2026-08-24T10:48:59.878656598Z,ACTIVITY_TYPE_TRADE,enwc-uspres-nom-dem-2028-gavnew,SELL,ORDER_INTENT_SELL_LONG,0.27,51,C1N9FWV76DKA,passive,8.07,2026-08-23T02:50:33.334391010Z,31.974,-0.13,0,1,ORDER_STATE_FILLED,UNSOLICITED_CXL_REASON_UNDEFINED,ORD_REJECT_REASON_EXCHANGE_OPTION,,
1787568539.9,2026-08-24T10:48:59.878656598Z,ACTIVITY_TYPE_TRADE,enwc-uspres-nom-dem-2028-gavnew,SELL,ORDER_INTENT_SELL_LONG,0.26,1,C24QT9CQEDK5,passive,0.15,2026-08-23T20:54:38.842094807Z,13.906,0,0,1,ORDER_STATE_FILLED,UNSOLICITED_CXL_REASON_UNDEFINED,ORD_REJECT_REASON_EXCHANGE_OPTION,,
1787568539.9,2026-08-24T10:48:59.878656598Z,ACTIVITY_TYPE_TRADE,enwc-uspres-nom-dem-2028-gavnew,SELL,ORDER_INTENT_SELL_LONG,0.26,1,C233KRGHTDKA,passive,0.15,2026-08-23T18:59:01.128809545Z,15.833,0,0,1,ORDER_STATE_FILLED,UNSOLICITED_CXL_REASON_UNDEFINED,ORD_REJECT_REASON_EXCHANGE_OPTION,,
1787568539.9,2026-08-24T10:48:59.878656598Z,ACTIVITY_TYPE_TRADE,enwc-uspres-nom-dem-2028-gavnew,SELL,ORDER_INTENT_SELL_LONG,0.24,52,C2GMV782JDKA,passive,6.66,2026-08-24T10:45:47.928669942Z,0.053,-0.12,0,1,ORDER_STATE_FILLED,UNSOLICITED_CXL_REASON_UNDEFINED,ORD_REJECT_REASON_EXCHANGE_OPTION,,
1787568563.7,2026-08-24T10:49:23.747621094Z,ACTIVITY_TYPE_TRADE,usgubewc-usgub-ny-2026-11-03-dem,BUY,ORDER_INTENT_BUY_LONG,0.93,1,C2GHJJ8RRDKA,passive,,2026-08-24T10:38:48.113640531Z,0.177,0,0,1,ORDER_STATE_FILLED,UNSOLICITED_CXL_REASON_UNDEFINED,ORD_REJECT_REASON_EXCHANGE_OPTION,,
1787568567.9,2026-08-24T10:49:27.915987211Z,ACTIVITY_TYPE_TRADE,enwc-uspres-nom-dem-2028-rokha,SELL,ORDER_INTENT_SELL_LONG,0.04,16,C28EZAFM4DJV,passive,-0.89,2026-08-24T01:11:29.090151780Z,9.633,-0.01,0,1,ORDER_STATE_PARTIALLY_FILLED,UNSOLICITED_CXL_REASON_UNDEFINED,ORD_REJECT_REASON_EXCHANGE_OPTION,,
1787568567.9,2026-08-24T10:49:27.915987211Z,ACTIVITY_TYPE_TRADE,enwc-uspres-nom-dem-2028-rokha,SELL,ORDER_INTENT_SELL_LONG,0.04,1,C28BDRA28DJP,passive,-0.06,2026-08-24T01:03:36.245350359Z,9.764,0,0,1,ORDER_STATE_FILLED,UNSOLICITED_CXL_REASON_UNDEFINED,ORD_REJECT_REASON_EXCHANGE_OPTION,,
1787568621.5,2026-08-24T10:50:21.466951349Z,ACTIVITY_TYPE_TRADE,aachc-cfb-wins-2026-11-28-ohiost-9pt5wins,SELL,ORDER_INTENT_BUY_SHORT,0.55,0.5,C1YY8Q9R6DK0,passive,,2026-08-23T14:06:26.441165014Z,20.732,0,0,1,ORDER_STATE_FILLED,UNSOLICITED_CXL_REASON_UNDEFINED,ORD_REJECT_REASON_EXCHANGE_OPTION,,
1787568635.3,2026-08-24T10:50:35.308281230Z,ACTIVITY_TYPE_TRADE,aachc-cfb-wins-2026-11-28-iowast-6pt5wins,BUY,ORDER_INTENT_BUY_LONG,0.36,0.01,C1WTXDG7TDJT,passive,,2026-08-23T11:52:00.089251312Z,22.976,0,0,1,ORDER_STATE_FILLED,UNSOLICITED_CXL_REASON_UNDEFINED,ORD_REJECT_REASON_EXCHANGE_OPTION,,
1787568882.6,2026-08-24T10:54:42.648988645Z,ACTIVITY_TYPE_TRADE,usgubewc-usgub-or-2026-11-03-dem,BUY,ORDER_INTENT_BUY_LONG,0.91,0.01,C2DW9MB8PDK2,passive,,2026-08-24T07:33:01.228461573Z,3.362,0,0,1,ORDER_STATE_PARTIALLY_FILLED,UNSOLICITED_CXL_REASON_UNDEFINED,ORD_REJECT_REASON_EXCHANGE_OPTION,,
1787568915.0,2026-08-24T10:55:15.017451811Z,ACTIVITY_TYPE_TRADE,usgubewc-usgub-ri-2026-11-03-dem,BUY,ORDER_INTENT_BUY_LONG,0.98,1,C2EW5ZKWGDK0,passive,,2026-08-24T08:42:01.037475284Z,2.221,0,0,1,ORDER_STATE_FILLED,UNSOLICITED_CXL_REASON_UNDEFINED,ORD_REJECT_REASON_EXCHANGE_OPTION,,
1787571000.8,2026-08-24T11:30:00.820395643Z,ACTIVITY_TYPE_TRADE,ussewc-usse-sd-2026-11-03-briben,SELL,ORDER_INTENT_BUY_SHORT,0.02,1,C2H8WRAEPDJP,passive,,2026-08-24T11:29:36.892600374Z,0.007,0,0,1,ORDER_STATE_FILLED,UNSOLICITED_CXL_REASON_UNDEFINED,ORD_REJECT_REASON_EXCHANGE_OPTION,,
1787571743.0,2026-08-24T11:42:23.004895490Z,ACTIVITY_TYPE_TRADE,scc-hrep-rep-2026-11-03-gte215,SELL,ORDER_INTENT_BUY_SHORT,0.24,10,C2GDZGQKADK0,passive,,2026-08-24T10:30:49.238950332Z,1.193,-0.02,0,1,ORDER_STATE_FILLED,UNSOLICITED_CXL_REASON_UNDEFINED,ORD_REJECT_REASON_EXCHANGE_OPTION,,
1787571743.0,2026-08-24T11:42:23.004895490Z,ACTIVITY_TYPE_TRADE,scc-hrep-rep-2026-11-03-gte215,SELL,ORDER_INTENT_SELL_LONG,0.22,2,C2GKF5SDJDK5,passive,-0.04,2026-08-24T10:42:47.806705211Z,0.993,0,0,1,ORDER_STATE_FILLED,UNSOLICITED_CXL_REASON_UNDEFINED,ORD_REJECT_REASON_EXCHANGE_OPTION,,
1787571743.0,2026-08-24T11:42:23.004895490Z,ACTIVITY_TYPE_TRADE,scc-hrep-rep-2026-11-03-gte215,SELL,ORDER_INTENT_BUY_SHORT,0.22,1.99,C2GE46VCRDJP,passive,,2026-08-24T10:30:56.876898118Z,1.191,0,0,1,ORDER_STATE_FILLED,UNSOLICITED_CXL_REASON_UNDEFINED,ORD_REJECT_REASON_EXCHANGE_OPTION,,
1787572346.7,2026-08-24T11:52:26.713481607Z,ACTIVITY_TYPE_TRADE,ussewc-usse-ky-2026-11-03-rep,BUY,ORDER_INTENT_BUY_LONG,0.95,1,C2HKHA64CDJP,passive,,2026-08-24T11:52:20.471926133Z,0.002,0,0,1,ORDER_STATE_FILLED,UNSOLICITED_CXL_REASON_UNDEFINED,ORD_REJECT_REASON_EXCHANGE_OPTION,,
1787572834.5,2026-08-24T12:00:34.491809680Z,ACTIVITY_TYPE_TRADE,ussewc-usse-il-2026-11-03-rep,BUY,ORDER_INTENT_BUY_LONG,0.07,1,C1M0FRAFEDJP,passive,,2026-08-23T01:18:59.399493666Z,34.693,0,0,1,ORDER_STATE_FILLED,UNSOLICITED_CXL_REASON_UNDEFINED,ORD_REJECT_REASON_EXCHANGE_OPTION,,
1787573024.4,2026-08-24T12:03:44.394584928Z,ACTIVITY_TYPE_TRADE,aachc-cfb-wins-2026-11-28-pur-5pt5wins,BUY,ORDER_INTENT_BUY_LONG,0.27,0.01,C2187W77GDJR,passive,,2026-08-23T16:46:56.037684657Z,19.28,0,0,1,ORDER_STATE_FILLED,UNSOLICITED_CXL_REASON_UNDEFINED,ORD_REJECT_REASON_EXCHANGE_OPTION,,
1787573052.5,2026-08-24T12:04:12.508885640Z,ACTIVITY_TYPE_TRADE,aachc-cfb-wins-2026-11-28-nebr-8pt5wins,BUY,ORDER_INTENT_BUY_LONG,0.22,0.01,C2115FSA2DJT,passive,,2026-08-23T16:32:05.832667036Z,19.535,0,0,1,ORDER_STATE_FILLED,UNSOLICITED_CXL_REASON_UNDEFINED,ORD_REJECT_REASON_EXCHANGE_OPTION,,
1787573144.2,2026-08-24T12:05:44.177566026Z,ACTIVITY_TYPE_TRADE,ussewc-usse-mt-2026-11-03-rep,BUY,ORDER_INTENT_BUY_LONG,0.89,1,C2HPGEF4WDK0,passive,,2026-08-24T11:58:36.123478210Z,0.119,0,0,1,ORDER_STATE_FILLED,UNSOLICITED_CXL_REASON_UNDEFINED,ORD_REJECT_REASON_EXCHANGE_OPTION,,
1787574257.0,2026-08-24T12:24:16.998807094Z,ACTIVITY_TYPE_TRADE,scc-hrep-rep-2026-11-03-gte205,SELL,ORDER_INTENT_BUY_SHORT,0.51,1.8,C20ZF9GGGDK2,passive,,2026-08-23T16:28:51.092000107Z,19.924,-0.01,0,1,ORDER_STATE_PARTIALLY_FILLED,UNSOLICITED_CXL_REASON_UNDEFINED,ORD_REJECT_REASON_EXCHANGE_OPTION,,
1787574501.0,2026-08-24T12:28:20.970238188Z,ACTIVITY_TYPE_TRADE,scc-hrep-rep-2026-11-03-gte230,SELL,ORDER_INTENT_BUY_SHORT,0.04,1,C2J423436DK1,passive,,2026-08-24T12:28:20.750055719Z,0,0,0,1,ORDER_STATE_FILLED,UNSOLICITED_CXL_REASON_UNDEFINED,ORD_REJECT_REASON_EXCHANGE_OPTION,,
1787575749.8,2026-08-24T12:49:09.780930238Z,ACTIVITY_TYPE_TRADE,aachc-cfb-wins-2026-11-28-minnst-5pt5wins,SELL,ORDER_INTENT_BUY_SHORT,0.55,0.2,C1S1BNSKEDJR,passive,,2026-08-23T07:14:27.111728111Z,29.579,0,0,1,ORDER_STATE_FILLED,UNSOLICITED_CXL_REASON_UNDEFINED,ORD_REJECT_REASON_EXCHANGE_OPTION,,
1787576174.9,2026-08-24T12:56:14.934078865Z,ACTIVITY_TYPE_TRADE,ussewc-usse-ky-2026-11-03-rep,BUY,ORDER_INTENT_BUY_LONG,0.95,1,C2JGAHXJ8DK1,passive,,2026-08-24T12:55:53.708914562Z,0.006,0,0,1,ORDER_STATE_FILLED,UNSOLICITED_CXL_REASON_UNDEFINED,ORD_REJECT_REASON_EXCHANGE_OPTION,,
1787577553.4,2026-08-24T13:19:13.440047262Z,ACTIVITY_TYPE_TRADE,paccc-usho-midterms-2026-11-03-rep,SELL,ORDER_INTENT_SELL_LONG,0.159,88,C2G65Q9RADJV,passive,0.41,2026-08-24T10:13:23.557542867Z,3.097,-0.15,0,1,ORDER_STATE_PARTIALLY_FILLED,UNSOLICITED_CXL_REASON_UNDEFINED,ORD_REJECT_REASON_EXCHANGE_OPTION,,
1787577610.4,2026-08-24T13:20:10.395957770Z,ACTIVITY_TYPE_TRADE,paccc-usho-midterms-2026-11-03-rep,SELL,ORDER_INTENT_SELL_LONG,0.159,11,C2G65Q9RADJV,passive,0.05,2026-08-24T10:13:23.557542867Z,3.113,-0.02,0,1,ORDER_STATE_PARTIALLY_FILLED,UNSOLICITED_CXL_REASON_UNDEFINED,ORD_REJECT_REASON_EXCHANGE_OPTION,,
1787577620.1,2026-08-24T13:20:20.141072477Z,ACTIVITY_TYPE_TRADE,paccc-usho-midterms-2026-11-03-rep,SELL,ORDER_INTENT_SELL_LONG,0.159,2,C2G65Q9RADJV,passive,0.01,2026-08-24T10:13:23.557542867Z,3.116,0,0,1,ORDER_STATE_FILLED,UNSOLICITED_CXL_REASON_UNDEFINED,ORD_REJECT_REASON_EXCHANGE_OPTION,,
1787578099.7,2026-08-24T13:28:19.747963542Z,ACTIVITY_TYPE_TRADE,enwc-ussep-de-2026-09-15-rep-johshu,SELL,ORDER_INTENT_SELL_LONG,0.06,1,C2JYJAAWMDJP,passive,-0.11,2026-08-24T13:26:43.388295947Z,0.027,0,0,1,ORDER_STATE_FILLED,UNSOLICITED_CXL_REASON_UNDEFINED,ORD_REJECT_REASON_EXCHANGE_OPTION,,
1787579878.0,2026-08-24T13:57:58.016918049Z,ACTIVITY_TYPE_TRADE,ussewc-usse-ky-2026-11-03-rep,BUY,ORDER_INTENT_BUY_LONG,0.95,1,C2KCN5YHMDJP,passive,,2026-08-24T13:57:36.353888830Z,0.006,0,0,1,ORDER_STATE_FILLED,UNSOLICITED_CXL_REASON_UNDEFINED,ORD_REJECT_REASON_EXCHANGE_OPTION,,
1787580353.7,2026-08-24T14:05:53.664398354Z,ACTIVITY_TYPE_TRADE,tec-nba-champ-2027-06-18-w-nyk,BUY,ORDER_INTENT_BUY_LONG,0.08,1.17,C1YZNN2S4DKA,passive,,2026-08-23T14:09:13.990439340Z,23.944,0,0,1,ORDER_STATE_PARTIALLY_FILLED,UNSOLICITED_CXL_REASON_UNDEFINED,ORD_REJECT_REASON_EXCHANGE_OPTION,,
1787581069.7,2026-08-24T14:17:49.679684584Z,ACTIVITY_TYPE_TRADE,usgubewc-usgub-nm-2026-11-03-dem,BUY,ORDER_INTENT_BUY_LONG,0.9,4,C2KC34KCRDK0,passive,,2026-08-24T13:56:32.679124521Z,0.355,0,0,1,ORDER_STATE_PARTIALLY_FILLED,UNSOLICITED_CXL_REASON_UNDEFINED,ORD_REJECT_REASON_EXCHANGE_OPTION,,
1787581074.5,2026-08-24T14:17:54.467173274Z,ACTIVITY_TYPE_TRADE,usgubewc-usgub-ny-2026-11-03-dem,BUY,ORDER_INTENT_BUY_LONG,0.9,1,C2K6RDNECDK5,passive,,2026-08-24T13:44:36.849226761Z,0.555,0,0,1,ORDER_STATE_FILLED,UNSOLICITED_CXL_REASON_UNDEFINED,ORD_REJECT_REASON_EXCHANGE_OPTION,,
1787581647.3,2026-08-24T14:27:27.322137795Z,ACTIVITY_TYPE_TRADE,enwc-ussep-ma-2026-09-01-dem-edmark,SELL,ORDER_INTENT_SELL_LONG,0.93,1,C2KGXHGT0DKA,passive,-0.03,2026-08-24T14:07:54.688467703Z,0.326,0,0,1,ORDER_STATE_FILLED,UNSOLICITED_CXL_REASON_UNDEFINED,ORD_REJECT_REASON_EXCHANGE_OPTION,,
1787581766.3,2026-08-24T14:29:26.253250203Z,ACTIVITY_TYPE_TRADE,scc-hrep-rep-2026-11-03-gte230,SELL,ORDER_INTENT_BUY_SHORT,0.04,1,C2KTHZ6JGDJV,passive,,2026-08-24T14:29:26.031138678Z,0,0,0,1,ORDER_STATE_FILLED,UNSOLICITED_CXL_REASON_UNDEFINED,ORD_REJECT_REASON_EXCHANGE_OPTION,,
1787581827.5,2026-08-24T14:30:27.495058316Z,ACTIVITY_TYPE_TRADE,scc-hrep-rep-2026-11-03-gte230,SELL,ORDER_INTENT_BUY_SHORT,0.04,1,C2KV22MAPDK2,passive,,2026-08-24T14:30:27.304190732Z,0,0,0,1,ORDER_STATE_FILLED,UNSOLICITED_CXL_REASON_UNDEFINED,ORD_REJECT_REASON_EXCHANGE_OPTION,,
1787582762.1,2026-08-24T14:46:02.087304766Z,ACTIVITY_TYPE_TRADE,usgubewc-usgub-ok-2026-11-03-dem,BUY,ORDER_INTENT_SELL_SHORT,0.03,0.63,C2AQT5GJGDKA,passive,-0.59,2026-08-24T03:53:16.540768760Z,10.879,0,0,1,ORDER_STATE_PARTIALLY_FILLED,UNSOLICITED_CXL_REASON_UNDEFINED,ORD_REJECT_REASON_EXCHANGE_OPTION,,
1787582844.4,2026-08-24T14:47:24.383221860Z,ACTIVITY_TYPE_TRADE,aachc-cfb-wins-2026-11-28-txtech-7pt5wins,SELL,ORDER_INTENT_BUY_SHORT,0.74,0.01,C0TDSBN2CDJR,passive,,2026-08-21T19:32:25.538229233Z,67.25,0,0,1,ORDER_STATE_FILLED,UNSOLICITED_CXL_REASON_UNDEFINED,ORD_REJECT_REASON_EXCHANGE_OPTION,,
1787583153.5,2026-08-24T14:52:33.490336797Z,ACTIVITY_TYPE_TRADE,usgubewc-usgub-al-2026-11-03-rep,BUY,ORDER_INTENT_BUY_LONG,0.94,2,C2M69J7FTDK1,passive,,2026-08-24T14:52:26.756646125Z,0.002,0,0,1,ORDER_STATE_FILLED,UNSOLICITED_CXL_REASON_UNDEFINED,ORD_REJECT_REASON_EXCHANGE_OPTION,,
1787583480.8,2026-08-24T14:58:00.787416039Z,ACTIVITY_TYPE_TRADE,ussewc-usse-ky-2026-11-03-rep,BUY,ORDER_INTENT_BUY_LONG,0.95,1,C2M8AA6C2DK5,passive,,2026-08-24T14:57:57.414191211Z,0.001,0,0,1,ORDER_STATE_FILLED,UNSOLICITED_CXL_REASON_UNDEFINED,ORD_REJECT_REASON_EXCHANGE_OPTION,,
1787583579.2,2026-08-24T14:59:39.215970474Z,ACTIVITY_TYPE_TRADE,aachc-cfb-wins-2026-11-28-txtech-8pt5wins,BUY,ORDER_INTENT_BUY_LONG,0.9,0.2,C1VYJ17X0DK5,passive,,2026-08-23T10:37:27.998719296Z,28.37,0,0,1,ORDER_STATE_FILLED,UNSOLICITED_CXL_REASON_UNDEFINED,ORD_REJECT_REASON_EXCHANGE_OPTION,,
1787585115.5,2026-08-24T15:25:15.454395339Z,ACTIVITY_TYPE_TRADE,usgovcc-demvrep-2026-11-03-tie,SELL,ORDER_INTENT_BUY_SHORT,0.1,20,C29MACP28DK0,passive,,2026-08-24T02:35:21.165524848Z,12.832,-0.02,0,1,ORDER_STATE_FILLED,UNSOLICITED_CXL_REASON_UNDEFINED,ORD_REJECT_REASON_EXCHANGE_OPTION,,
1787585144.3,2026-08-24T15:25:44.301607798Z,ACTIVITY_TYPE_TRADE,vmc-ussep-mov-ma-dem-2026-09-01-mougte5,SELL,ORDER_INTENT_SELL_LONG,0.07,1,C1XT9SSSJDKA,passive,-0,2026-08-23T12:58:54.851369096Z,26.447,0,0,1,ORDER_STATE_FILLED,UNSOLICITED_CXL_REASON_UNDEFINED,ORD_REJECT_REASON_EXCHANGE_OPTION,,
1787585524.1,2026-08-24T15:32:04.093018560Z,ACTIVITY_TYPE_TRADE,scc-hrep-rep-2026-11-03-gte230,SELL,ORDER_INTENT_BUY_SHORT,0.04,1,C2MR4F6BRDK7,passive,,2026-08-24T15:32:03.688426671Z,0,0,0,1,ORDER_STATE_FILLED,UNSOLICITED_CXL_REASON_UNDEFINED,ORD_REJECT_REASON_EXCHANGE_OPTION,,
1787585907.8,2026-08-24T15:38:27.751894936Z,ACTIVITY_TYPE_TRADE,scc-senate-gop-2026-11-03-52,SELL,ORDER_INTENT_BUY_SHORT,0.14,5,C20P37184DJT,passive,,2026-08-23T16:08:26.123304965Z,23.5,-0.01,0,1,ORDER_STATE_FILLED,UNSOLICITED_CXL_REASON_UNDEFINED,ORD_REJECT_REASON_EXCHANGE_OPTION,,
1787586217.7,2026-08-24T15:43:37.654739693Z,ACTIVITY_TYPE_TRADE,aachc-cfb-wins-2026-11-28-lou-8pt5wins,BUY,ORDER_INTENT_SELL_SHORT,0.55,1,C1PVCQ7ETDJP,passive,-0.26,2026-08-23T04:41:07.199914225Z,35.042,0,0,1,ORDER_STATE_FILLED,UNSOLICITED_CXL_REASON_UNDEFINED,ORD_REJECT_REASON_EXCHANGE_OPTION,,
1787587112.1,2026-08-24T15:58:32.128160582Z,ACTIVITY_TYPE_TRADE,ussewc-usse-ky-2026-11-03-rep,BUY,ORDER_INTENT_BUY_LONG,0.95,1,C2N491R9ADJV,passive,,2026-08-24T15:58:05.367717834Z,0.007,0,0,1,ORDER_STATE_FILLED,UNSOLICITED_CXL_REASON_UNDEFINED,ORD_REJECT_REASON_EXCHANGE_OPTION,,
1787587460.7,2026-08-24T16:04:20.742539253Z,ACTIVITY_TYPE_TRADE,vmc-ussep-mov-ma-dem-2026-09-01-mar10-15,BUY,ORDER_INTENT_BUY_LONG,0.38,1,C2GXH4FZGDK2,passive,,2026-08-24T11:04:37.465869565Z,4.995,0,0,1,ORDER_STATE_FILLED,UNSOLICITED_CXL_REASON_UNDEFINED,ORD_REJECT_REASON_EXCHANGE_OPTION,,
1787587460.7,2026-08-24T16:04:20.742811206Z,ACTIVITY_TYPE_TRADE,vmc-ussep-mov-ma-dem-2026-09-01-mar0-5,BUY,ORDER_INTENT_BUY_LONG,0.37,0.77,C2MD5E2HYDK7,passive,,2026-08-24T15:07:27.233993089Z,0.948,0,0,1,ORDER_STATE_PARTIALLY_FILLED,UNSOLICITED_CXL_REASON_UNDEFINED,ORD_REJECT_REASON_EXCHANGE_OPTION,,
1787587462.8,2026-08-24T16:04:22.826640618Z,ACTIVITY_TYPE_TRADE,vmc-ussep-mov-ma-dem-2026-09-01-mar0-5,BUY,ORDER_INTENT_BUY_LONG,0.37,0.23,C2MD5E2HYDK7,passive,,2026-08-24T15:07:27.233993089Z,0.949,0,0,1,ORDER_STATE_FILLED,UNSOLICITED_CXL_REASON_UNDEFINED,ORD_REJECT_REASON_EXCHANGE_OPTION,,
1787587472.3,2026-08-24T16:04:32.306637578Z,ACTIVITY_TYPE_TRADE,vmc-ussep-mov-ma-dem-2026-09-01-margte40,BUY,ORDER_INTENT_BUY_LONG,0.09,1,C20QTPJ5MDJR,passive,,2026-08-23T16:12:04.189011286Z,23.874,0,0,1,ORDER_STATE_FILLED,UNSOLICITED_CXL_REASON_UNDEFINED,ORD_REJECT_REASON_EXCHANGE_OPTION,,
1787587531.6,2026-08-24T16:05:31.611638600Z,ACTIVITY_TYPE_TRADE,vmc-ussep-mov-ma-dem-2026-09-01-mar10-15,BUY,ORDER_INTENT_BUY_LONG,0.38,0.94,C2N869ZPPDK1,passive,,2026-08-24T16:05:04.320157743Z,0.008,0,0,1,ORDER_STATE_PARTIALLY_FILLED,UNSOLICITED_CXL_REASON_UNDEFINED,ORD_REJECT_REASON_EXCHANGE_OPTION,,
1787587585.5,2026-08-24T16:06:25.506594396Z,ACTIVITY_TYPE_TRADE,vmc-ussep-mov-ma-dem-2026-09-01-mar10-15,BUY,ORDER_INTENT_BUY_LONG,0.38,0.06,C2N869ZPPDK1,passive,,2026-08-24T16:05:04.320157743Z,0.023,0,0,1,ORDER_STATE_FILLED,UNSOLICITED_CXL_REASON_UNDEFINED,ORD_REJECT_REASON_EXCHANGE_OPTION,,
1787587657.5,2026-08-24T16:07:37.466906166Z,ACTIVITY_TYPE_TRADE,enwc-usgubp-ri-2026-09-09-rep-aarguc,SELL,ORDER_INTENT_BUY_SHORT,0.04,0.74,C2M3VBGTTDJP,passive,,2026-08-24T14:47:26.477067756Z,1.336,0,0,1,ORDER_STATE_PARTIALLY_FILLED,UNSOLICITED_CXL_REASON_UNDEFINED,ORD_REJECT_REASON_EXCHANGE_OPTION,,
1787588049.8,2026-08-24T16:14:09.829154215Z,ACTIVITY_TYPE_TRADE,enwc-usgubp-ri-2026-09-09-rep-aarguc,BUY,ORDER_INTENT_SELL_SHORT,0.06,1,C2N9QXDK0DJR,passive,-0.91,2026-08-24T16:09:04.611083499Z,0.085,0,0,1,ORDER_STATE_FILLED,UNSOLICITED_CXL_REASON_UNDEFINED,ORD_REJECT_REASON_EXCHANGE_OPTION,,
1787588623.5,2026-08-24T16:23:43.532488604Z,ACTIVITY_TYPE_TRADE,aachc-cfb-wins-2026-11-28-iowa-6pt5wins,BUY,ORDER_INTENT_BUY_LONG,0.82,0.16,C20XV1XJ4DK7,passive,,2026-08-23T16:24:55.879209800Z,23.98,0,0,1,ORDER_STATE_FILLED,UNSOLICITED_CXL_REASON_UNDEFINED,ORD_REJECT_REASON_EXCHANGE_OPTION,,
1787588684.8,2026-08-24T16:24:44.848103260Z,ACTIVITY_TYPE_TRANSFER,,,,,,,,,,,,,,,,,14.6,
1787588703.1,2026-08-24T16:25:03.101277839Z,ACTIVITY_TYPE_TRADE,ussewc-usse-mt-2026-11-03-rep,SELL,ORDER_INTENT_SELL_LONG,0.91,2,C2NGHRY2JDJP,aggressor,-24.61,2026-08-24T16:25:03.097351665Z,0,0.01,0,1,ORDER_STATE_FILLED,UNSOLICITED_CXL_REASON_UNDEFINED,ORD_REJECT_REASON_EXCHANGE_OPTION,,
1787588863.0,2026-08-24T16:27:43.008341597Z,ACTIVITY_TYPE_TRADE,enwc-ussep-nh-2026-09-08-dem-karman,SELL,ORDER_INTENT_SELL_LONG,0.03,200,C2NJ19T4MDJT,aggressor,-4.35,2026-08-24T16:27:43.003220164Z,0,0.35,0,1,ORDER_STATE_FILLED,UNSOLICITED_CXL_REASON_UNDEFINED,ORD_REJECT_REASON_EXCHANGE_OPTION,,
1787588926.6,2026-08-24T16:28:46.640217605Z,ACTIVITY_TYPE_TRADE,usgubewc-usgub-il-2026-11-03-dem,SELL,ORDER_INTENT_SELL_LONG,0.98,5,C20JC8RAMDJV,passive,4.11,2026-08-23T16:00:08.439399292Z,24.477,0,0,1,ORDER_STATE_FILLED,UNSOLICITED_CXL_REASON_UNDEFINED,ORD_REJECT_REASON_EXCHANGE_OPTION,,
1787589039.2,2026-08-24T16:30:39.171545294Z,ACTIVITY_TYPE_TRANSFER,,,,,,,,,,,,,,,,,143.92,
1787589442.0,2026-08-24T16:37:22.004241902Z,ACTIVITY_TYPE_TRANSFER,,,,,,,,,,,,,,,,,93.02,
1787589474.2,2026-08-24T16:37:54.192496139Z,ACTIVITY_TYPE_TRADE,ussewc-usse-wv-2026-11-03-rep,BUY,ORDER_INTENT_SELL_SHORT,0.98,1,C2N4GKPEWDK5,passive,0.89,2026-08-24T15:58:04.791598211Z,0.664,0,0,1,ORDER_STATE_FILLED,UNSOLICITED_CXL_REASON_UNDEFINED,ORD_REJECT_REASON_EXCHANGE_OPTION,,
1787589855.8,2026-08-24T16:44:15.819134029Z,ACTIVITY_TYPE_TRANSFER,,,,,,,,,,,,,,,,,155.47,
1787590262.8,2026-08-24T16:51:02.805986772Z,ACTIVITY_TYPE_TRADE,enwc-uspres-nom-rep-2028-thomas,SELL,ORDER_INTENT_BUY_SHORT,0.06,5,C2G65FGBRDK1,passive,,2026-08-24T10:13:46.753125899Z,6.621,0,0,1,ORDER_STATE_FILLED,UNSOLICITED_CXL_REASON_UNDEFINED,ORD_REJECT_REASON_EXCHANGE_OPTION,,
1787590456.2,2026-08-24T16:54:16.184836890Z,ACTIVITY_TYPE_ACCOUNT_WITHDRAWAL,,,,,,,,,,,,,,,,,400,
1787592100.7,2026-08-24T17:21:40.735586140Z,ACTIVITY_TYPE_TRADE,aachc-cfb-wins-2026-11-28-rutger-2pt5wins,BUY,ORDER_INTENT_BUY_LONG,0.95,0.2,C21696H20DK7,passive,,2026-08-23T16:42:57.154953551Z,24.645,0,0,1,ORDER_STATE_FILLED,UNSOLICITED_CXL_REASON_UNDEFINED,ORD_REJECT_REASON_EXCHANGE_OPTION,,
1787592852.4,2026-08-24T17:34:12.426577594Z,ACTIVITY_TYPE_TRADE,aachc-cfb-wins-2026-11-28-wash-10pt5wins,BUY,ORDER_INTENT_BUY_LONG,0.37,0.14,C2PGFMHDTDKA,passive,,2026-08-24T17:33:15.833850647Z,0.016,0,0,1,ORDER_STATE_PARTIALLY_FILLED,UNSOLICITED_CXL_REASON_UNDEFINED,ORD_REJECT_REASON_EXCHANGE_OPTION,,
1787592856.7,2026-08-24T17:34:16.711290988Z,ACTIVITY_TYPE_TRADE,aachc-cfb-wins-2026-11-28-wvir-6pt5wins,BUY,ORDER_INTENT_BUY_LONG,0.43,0.27,C2BJBZ892DJR,passive,0.03,2026-08-24T04:51:18.657594505Z,12.716,0,0,1,ORDER_STATE_PARTIALLY_FILLED,UNSOLICITED_CXL_REASON_UNDEFINED,ORD_REJECT_REASON_EXCHANGE_OPTION,,
1787592921.8,2026-08-24T17:35:21.793679489Z,ACTIVITY_TYPE_TRADE,aachc-cfb-wins-2026-11-28-cin-5pt5wins,BUY,ORDER_INTENT_BUY_LONG,0.39,1,C2CFGKPMYDK2,passive,0.18,2026-08-24T05:55:15.153990714Z,11.669,0,0,1,ORDER_STATE_PARTIALLY_FILLED,UNSOLICITED_CXL_REASON_UNDEFINED,ORD_REJECT_REASON_EXCHANGE_OPTION,,
1787593222.2,2026-08-24T17:40:22.220067607Z,ACTIVITY_TYPE_TRADE,aachc-cfb-wins-2026-11-28-vir-7pt5wins,BUY,ORDER_INTENT_BUY_LONG,0.66,0.3,C2BJ0QDHGDJT,passive,0.1,2026-08-24T04:50:25.045131379Z,12.833,0,0,1,ORDER_STATE_FILLED,UNSOLICITED_CXL_REASON_UNDEFINED,ORD_REJECT_REASON_EXCHANGE_OPTION,,
1787593440.2,2026-08-24T17:44:00.237221496Z,ACTIVITY_TYPE_TRADE,aachc-cfb-wins-2026-11-28-lsu-9pt5wins,BUY,ORDER_INTENT_BUY_LONG,0.47,0.08,C2PJ16MJYDK0,passive,,2026-08-24T17:36:15.891231970Z,0.129,0,0,1,ORDER_STATE_PARTIALLY_FILLED,UNSOLICITED_CXL_REASON_UNDEFINED,ORD_REJECT_REASON_EXCHANGE_OPTION,,
1787593788.0,2026-08-24T17:49:48.018542317Z,ACTIVITY_TYPE_TRADE,aachc-cfb-wins-2026-11-28-bayl-4pt5wins,SELL,ORDER_INTENT_BUY_SHORT,0.62,0.05,C20P371JTDJT,passive,,2026-08-23T16:08:27.472978394Z,25.689,0,0,1,ORDER_STATE_FILLED,UNSOLICITED_CXL_REASON_UNDEFINED,ORD_REJECT_REASON_EXCHANGE_OPTION,,
1787593788.0,2026-08-24T17:49:48.018542317Z,ACTIVITY_TYPE_TRADE,aachc-cfb-wins-2026-11-28-bayl-4pt5wins,SELL,ORDER_INTENT_BUY_SHORT,0.62,0.01,C1YY43H2YDJV,passive,,2026-08-23T14:06:10.327944938Z,27.727,0,0,1,ORDER_STATE_FILLED,UNSOLICITED_CXL_REASON_UNDEFINED,ORD_REJECT_REASON_EXCHANGE_OPTION,,
1787593823.8,2026-08-24T17:50:23.812359674Z,ACTIVITY_TYPE_TRADE,aachc-cfb-wins-2026-11-28-miss-6pt5wins,BUY,ORDER_INTENT_BUY_LONG,0.91,0.12,C2BG5QZJCDK1,passive,0.05,2026-08-24T04:46:16.310119231Z,13.069,0,0,1,ORDER_STATE_FILLED,UNSOLICITED_CXL_REASON_UNDEFINED,ORD_REJECT_REASON_EXCHANGE_OPTION,,
1787593991.3,2026-08-24T17:53:11.284195558Z,ACTIVITY_TYPE_TRADE,aachc-cfb-wins-2026-11-28-pur-2pt5wins,SELL,ORDER_INTENT_BUY_SHORT,0.54,1,C2PF3F6AJDJT,passive,,2026-08-24T17:30:22.511915844Z,0.38,0,0,1,ORDER_STATE_FILLED,UNSOLICITED_CXL_REASON_UNDEFINED,ORD_REJECT_REASON_EXCHANGE_OPTION,,
1787594329.4,2026-08-24T17:58:49.380354107Z,ACTIVITY_TYPE_TRADE,aachc-cfb-wins-2026-11-28-pur-3pt5wins,BUY,ORDER_INTENT_BUY_LONG,0.56,0.01,C2PS54744DK7,passive,,2026-08-24T17:52:16.098547139Z,0.109,0,0,1,ORDER_STATE_FILLED,UNSOLICITED_CXL_REASON_UNDEFINED,ORD_REJECT_REASON_EXCHANGE_OPTION,,
1787594338.3,2026-08-24T17:58:58.308039107Z,ACTIVITY_TYPE_TRADE,aachc-cfb-wins-2026-11-28-pur-2pt5wins,BUY,ORDER_INTENT_SELL_SHORT,0.72,1,C2PT9JJ70DK7,passive,0.26,2026-08-24T17:54:15.083180585Z,0.079,0,0,1,ORDER_STATE_FILLED,UNSOLICITED_CXL_REASON_UNDEFINED,ORD_REJECT_REASON_EXCHANGE_OPTION,,
1787594479.3,2026-08-24T18:01:19.267087674Z,ACTIVITY_TYPE_TRADE,aachc-cfb-wins-2026-11-28-okl-8pt5wins,BUY,ORDER_INTENT_BUY_LONG,0.67,0.01,C2PVG72QYDKA,passive,,2026-08-24T17:56:16.195301214Z,0.084,0,0,1,ORDER_STATE_FILLED,UNSOLICITED_CXL_REASON_UNDEFINED,ORD_REJECT_REASON_EXCHANGE_OPTION,,
1787594963.3,2026-08-24T18:09:23.339796309Z,ACTIVITY_TYPE_TRADE,aachc-cfb-wins-2026-11-28-ncar-3pt5wins,BUY,ORDER_INTENT_SELL_SHORT,0.8,0.01,C2PQR1AYWDJT,passive,0,2026-08-24T17:49:15.188061208Z,0.336,0,0,1,ORDER_STATE_FILLED,UNSOLICITED_CXL_REASON_UNDEFINED,ORD_REJECT_REASON_EXCHANGE_OPTION,,
1787595383.1,2026-08-24T18:16:23.069521272Z,ACTIVITY_TYPE_TRADE,aachc-cfb-wins-2026-11-28-ncar-5pt5wins,BUY,ORDER_INTENT_BUY_LONG,0.59,0.5,C2PSEZ4KADJT,passive,,2026-08-24T17:52:16.314964186Z,0.402,0,0,1,ORDER_STATE_FILLED,UNSOLICITED_CXL_REASON_UNDEFINED,ORD_REJECT_REASON_EXCHANGE_OPTION,,
1787595587.5,2026-08-24T18:19:47.511505153Z,ACTIVITY_TYPE_TRADE,aachc-cfb-wins-2026-11-28-ncar-4pt5wins,SELL,ORDER_INTENT_SELL_LONG,0.55,0.55,C1ZSS4YEGDK1,passive,0.13,2026-08-23T15:06:20.409678952Z,27.224,0,0,1,ORDER_STATE_PARTIALLY_FILLED,UNSOLICITED_CXL_REASON_UNDEFINED,ORD_REJECT_REASON_EXCHANGE_OPTION,,
1787596519.9,2026-08-24T18:35:19.862120635Z,ACTIVITY_TYPE_TRADE,aachc-cfb-wins-2026-11-28-wvir-6pt5wins,BUY,ORDER_INTENT_BUY_LONG,0.43,0.27,C2BJBZ892DJR,passive,0.03,2026-08-24T04:51:18.657594505Z,13.734,0,0,1,ORDER_STATE_PARTIALLY_FILLED,UNSOLICITED_CXL_REASON_UNDEFINED,ORD_REJECT_REASON_EXCHANGE_OPTION,,
1787596765.1,2026-08-24T18:39:25.058712732Z,ACTIVITY_TYPE_TRADE,scc-hrep-rep-2026-11-03-gte200,SELL,ORDER_INTENT_SELL_LONG,0.6,0.5,C28V89SYJDKA,passive,-28.24,2026-08-24T01:39:21.262016507Z,17.001,0,0,1,ORDER_STATE_PARTIALLY_FILLED,UNSOLICITED_CXL_REASON_UNDEFINED,ORD_REJECT_REASON_EXCHANGE_OPTION,,
1787597976.7,2026-08-24T18:59:36.735359526Z,ACTIVITY_TYPE_TRADE,aachc-cfb-wins-2026-11-28-iowa-6pt5wins,BUY,ORDER_INTENT_BUY_LONG,0.84,0.01,C2PZ22PYGDK1,passive,,2026-08-24T18:04:15.535555636Z,0.923,0,0,1,ORDER_STATE_FILLED,UNSOLICITED_CXL_REASON_UNDEFINED,ORD_REJECT_REASON_EXCHANGE_OPTION,,
1787599883.8,2026-08-24T19:31:23.842798495Z,ACTIVITY_TYPE_TRADE,cranc-uspres28-12-31-2026-marrub,SELL,ORDER_INTENT_SELL_LONG,0.06,0.5,C1M7E2D8TDJP,passive,0,2026-08-23T01:34:21.573336098Z,41.951,0,0,1,ORDER_STATE_FILLED,UNSOLICITED_CXL_REASON_UNDEFINED,ORD_REJECT_REASON_EXCHANGE_OPTION,,
1787599929.5,2026-08-24T19:32:09.504975157Z,ACTIVITY_TYPE_TRADE,cranc-uspres28-12-31-2026-jdvan,SELL,ORDER_INTENT_SELL_LONG,0.08,1,C1M7E5BPTDK1,passive,-5.55,2026-08-23T01:34:12.858828606Z,41.966,0,0,1,ORDER_STATE_FILLED,UNSOLICITED_CXL_REASON_UNDEFINED,ORD_REJECT_REASON_EXCHANGE_OPTION,,
1787600113.0,2026-08-24T19:35:13.018998411Z,ACTIVITY_TYPE_TRADE,tec-nba-champ-2027-06-18-w-pho,BUY,ORDER_INTENT_BUY_LONG,0.02,50,C1YZGC25WDK7,passive,,2026-08-23T14:09:15.967773569Z,29.433,-0.01,0,1,ORDER_STATE_FILLED,UNSOLICITED_CXL_REASON_UNDEFINED,ORD_REJECT_REASON_EXCHANGE_OPTION,,
